count,204,204,204,204,204,204,204,204,204,204,204
unique,85,94,80,83,41,74,55,6,5,7,1
top,166965072143,,,,,,,,,,SGN
freq,4,107,107,107,107,107,107,194,194,194,204
count,212,212,212,212,212,212,212,212,212,212,212
unique,92,96,87,97,63,88,76,9,6,6,1
top,166965072224,,,,,,,,,,SGN
freq,4,111,111,111,111,111,111,202,202,202,212
count,210,210,210,210,210,210,210,210,210,210,210
unique,90,98,97,93,82,85,78,7,9,6,1
top,166965072350,,,,,,,,,,SGN
freq,4,110,110,110,110,110,110,200,200,200,210
count,212,212,212,212,212,212,212,212,212,212,212
unique,90,98,95,100,74,90,80,8,6,6,1
top,166965072467,,,,,,,,,,SGN
freq,4,111,111,111,111,111,111,202,202,202,212
count,212,212,212,212,212,212,212,212,212,212,212
unique,92,81,84,88,73,58,48,7,6,6,1
top,166965072551,,,,,,,,,,SGN
freq,4,111,111,111,111,111,111,202,202,202,212
count,209,209,209,209,209,209,209,209,209,209,209
unique,88,101,98,99,98,101,96,10,10,8,1
top,166965072656,,,,,,,,,,SGN
freq,4,109,109,109,109,109,109,200,200,200,209
count,210,210,210,210,210,210,210,210,210,210,210
unique,91,99,99,99,96,99,96,6,9,10,1
top,166965072755,,,,,,,,,,SGN
freq,4,110,110,110,110,110,110,200,200,200,210
count,214,214,214,214,214,214,214,214,214,214,214
unique,89,103,103,103,100,103,93,9,10,11,1
top,166965072824,,,,,,,,,,SGN
freq,4,112,112,112,112,112,112,204,204,204,214
count,210,210,210,210,210,210,210,210,210,210,210
unique,92,96,100,96,100,98,89,11,10,6,1
top,166965072937,,,,,,,,,,SGN
freq,5,110,110,110,110,110,110,200,200,200,210
count,210,210,210,210,210,210,210,210,210,210,210
unique,90,96,92,92,79,93,90,7,7,6,1
top,166965073031,,,,,,,,,,SGN
freq,4,110,110,110,110,110,110,200,200,200,210
count,212,212,212,212,212,212,212,212,212,212,212
unique,88,87,84,92,72,67,56,7,5,6,1
top,166965073190,,,,,,,,,,SGN
freq,4,111,111,111,111,111,111,202,202,202,212
count,209,209,209,209,209,209,209,209,209,209,209
unique,92,86,90,84,63,69,50,7,8,6,1
top,166965073199,,,,,,,,,,SGN
freq,4,109,109,109,109,109,109,200,200,200,209
count,212,212,212,212,212,212,212,212,212,212,212
unique,86,85,77,83,52,75,43,6,7,9,1
top,166965073361,,,,,,,,,,SGN
freq,4,111,111,111,111,111,111,202,202,202,212
count,212,212,212,212,212,212,212,212,212,212,212
unique,96,100,94,94,66,85,69,8,7,4,1
top,166965073472,,,,,,,,,,SGN
freq,4,111,111,111,111,111,111,202,202,202,212
count,214,214,214,214,214,214,214,214,214,214,214
unique,85,98,96,97,77,80,55,7,5,6,1
top,166965073580,,,,,,,,,,SGN
freq,4,112,112,112,112,112,112,204,204,204,214
count,210,210,210,210,210,210,210,210,210,210,210
unique,92,96,91,93,75,89,59,7,7,6,1
top,166965073613,,,,,,,,,,SGN
freq,4,110,110,110,110,110,110,200,200,200,210
count,212,212,212,212,212,212,212,212,212,212,212
unique,90,101,102,101,96,99,94,9,9,8,1
top,166965073787,,,,,,,,,,SGN
freq,4,111,111,111,111,111,111,202,202,202,212
count,208,208,208,208,208,208,208,208,208,208,208
unique,92,99,96,98,81,92,85,11,8,8,1
top,166965073892,,,,,,,,,,SGN
freq,4,109,109,109,109,109,109,198,198,198,208
count,213,213,213,213,213,213,213,213,213,213,213
unique,89,101,99,101,85,99,81,6,6,8,1
top,166965073952,,,,,,,,,,SGN
freq,4,111,111,111,111,111,111,204,204,204,213
count,214,214,214,214,214,214,214,214,214,214,214
unique,89,95,82,81,66,75,56,6,7,7,1
top,166965074027,,,,,,,,,,SGN
freq,4,112,112,112,112,112,112,204,204,204,214
count,210,210,210,210,210,210,210,210,210,210,210
unique,93,99,97,96,79,94,81,10,7,9,1
top,166965074120,,,,,,,,,,SGN
freq,4,110,110,110,110,110,110,200,200,200,210
count,212,212,212,212,212,212,212,212,212,212,212
unique,87,97,96,95,74,93,72,9,7,7,1
top,166965074291,,,,,,,,,,SGN
freq,4,111,111,111,111,111,111,202,202,202,212
count,212,212,212,212,212,212,212,212,212,212,212
unique,93,91,82,89,63,87,63,7,8,6,1
top,166965074351,,,,,,,,,,SGN
freq,4,111,111,111,111,111,111,202,202,202,212
count,212,212,212,212,212,212,212,212,212,212,212
unique,89,97,88,91,65,92,77,6,7,7,1
top,166965074456,,,,,,,,,,SGN
freq,5,111,111,111,111,111,111,202,202,202,212
count,210,210,210,210,210,210,210,210,210,210,210
unique,91,99,86,95,79,96,82,10,7,9,1
top,166965074591,,,,,,,,,,SGN
freq,4,110,110,110,110,110,110,200,200,200,210
count,208,208,208,208,208,208,208,208,208,208,208
unique,87,99,95,93,86,94,82,5,7,7,1
top,166965074648,,,,,,,,,,SGN
freq,4,109,109,109,108,108,108,199,199,199,208
count,213,213,213,213,213,213,213,213,213,213,213
unique,89,101,97,100,81,94,89,9,8,6,1
top,166965074750,,,,,,,,,,SGN
freq,4,111,111,111,112,112,112,203,203,203,213
count,212,212,212,212,212,212,212,212,212,212,212
unique,92,97,90,91,62,93,65,7,10,6,1
top,166965074855,,,,,,,,,,SGN
freq,4,111,111,111,111,111,111,202,202,202,212
count,212,212,212,212,212,212,212,212,212,212,212
unique,86,96,90,82,52,80,55,7,8,6,1
top,166965074990,,,,,,,,,,SGN
freq,4,111,111,111,111,111,111,202,202,202,212
count,212,212,212,212,212,212,212,212,212,212,212
unique,94,89,78,88,40,74,47,7,7,7,1
top,166965075020,,,,,,,,,,SGN
freq,4,111,111,111,111,111,111,202,202,202,212
count,211,211,211,211,211,211,211,211,211,211,211
unique,87,82,68,80,29,65,39,6,6,4,1
top,166965075152,,,,,,,,,,SGN
freq,4,111,111,111,110,110,110,201,201,201,211
count,209,209,209,209,209,209,209,209,209,209,209
unique,93,80,63,71,26,57,26,7,9,5,1
top,166965075272,,,,,,,,,,SGN
freq,4,109,109,109,110,110,110,199,199,199,209
count,214,214,214,214,214,214,214,214,214,214,214
unique,92,83,54,60,27,55,34,5,6,6,1
top,166965075356,,,,,,,,,,SGN
freq,4,112,112,112,112,112,112,204,204,204,214
count,210,210,210,210,210,210,210,210,210,210,210
unique,89,86,78,86,52,76,39,7,5,6,1
top,166965075446,,,,,,,,,,SGN
freq,4,110,110,110,109,109,109,201,201,201,210
count,211,211,211,211,211,211,211,211,211,211,211
unique,92,78,57,64,24,40,25,7,7,7,1
top,166965075563,,,,,,,,,,SGN
freq,4,110,110,110,111,111,111,201,201,201,211
count,209,209,209,209,209,209,209,209,209,209,209
unique,87,71,54,65,29,44,30,5,7,6,1
top,166965075650,,,,,,,,,,SGN
freq,4,110,110,110,109,109,109,199,199,199,209
count,213,213,213,213,213,213,213,213,213,213,213
unique,94,74,59,63,31,44,30,5,4,6,1
top,166965075728,,,,,,,,,,SGN
freq,4,111,111,111,112,112,112,203,203,203,213
count,210,210,210,210,210,210,210,210,210,210,210
unique,85,89,63,77,31,78,45,7,9,5,1
top,166965075857,,,,,,,,,,SGN
freq,4,110,110,110,110,110,110,200,200,200,210
count,211,211,211,211,211,211,211,211,211,211,211
unique,88,96,76,78,42,89,48,7,7,7,1
top,166965075995,,,,,,,,,,SGN
freq,4,111,111,111,110,110,110,201,201,201,211
count,212,212,212,212,212,212,212,212,212,212,212
unique,92,79,61,69,29,49,34,6,7,5,1
top,166965076055,,,,,,,,,,SGN
freq,4,110,110,110,111,111,111,203,203,203,212
count,210,210,210,210,210,210,210,210,210,210,210
unique,91,90,75,78,38,73,36,6,9,7,1
top,166965076169,,,,,,,,,,SGN
freq,4,110,110,110,110,110,110,200,200,200,210
count,212,212,212,212,212,212,212,212,212,212,212
unique,90,73,64,66,42,49,35,6,6,5,1
top,166965076229,,,,,,,,,,SGN
freq,4,111,111,111,111,111,111,202,202,202,212
count,212,212,212,212,212,212,212,212,212,212,212
unique,88,74,63,73,33,45,27,6,7,6,1
top,166965076391,,,,,,,,,,SGN
freq,4,111,111,111,111,111,111,202,202,202,212
count,210,210,210,210,210,210,210,210,210,210,210
unique,94,71,46,64,28,41,27,5,8,3,1
top,166965076421,,,,,,,,,,SGN
freq,4,110,110,110,110,110,110,200,200,200,210
count,210,210,210,210,210,210,210,210,210,210,210
unique,85,96,84,89,52,81,67,8,6,7,1
top,166965076553,,,,,,,,,,SGN
freq,4,110,110,110,110,110,110,200,200,200,210
count,211,211,211,211,211,211,211,211,211,211,211
unique,92,100,95,95,76,97,70,6,9,9,1
top,166965076646,,,,,,,,,,SGN
freq,4,110,110,110,110,110,110,202,202,202,211
count,214,214,214,214,214,214,214,214,214,214,214
unique,86,100,97,99,90,96,91,8,6,4,1
top,166965076769,,,,,,,,,,SGN
freq,4,112,112,112,112,112,112,204,204,204,214
count,212,212,212,212,212,212,212,212,212,212,212
unique,94,100,98,101,86,93,90,10,9,6,1
top,166965076895,,,,,,,,,,SGN
freq,4,111,111,111,111,111,111,202,202,202,212
count,212,212,212,212,212,212,212,212,212,212,212
unique,92,94,88,94,67,72,52,6,9,7,1
top,166965076958,,,,,,,,,,SGN
freq,4,111,111,111,111,111,111,202,202,202,212
count,212,212,212,212,212,212,212,212,212,212,212
unique,88,82,84,88,56,61,38,7,7,4,1
top,166965077081,,,,,,,,,,SGN
freq,4,111,111,111,111,111,111,202,202,202,212
count,212,212,212,212,212,212,212,212,212,212,212
unique,97,96,99,98,63,89,80,5,8,4,1
top,166965077156,,,,,,,,,,SGN
freq,4,111,111,111,111,111,111,202,202,202,212
count,212,212,212,212,212,212,212,212,212,212,212
unique,86,95,92,97,70,73,48,8,7,7,1
top,166965077258,,,,,,,,,,SGN
freq,4,111,111,111,111,111,111,202,202,202,212
count,209,209,209,209,209,209,209,209,209,209,209
unique,96,94,82,83,63,63,56,9,8,6,1
top,166965077399,,,,,,,,,,SGN
freq,4,110,110,110,109,109,109,199,199,199,209
count,212,212,212,212,212,212,212,212,212,212,212
unique,87,96,90,94,82,86,74,6,7,5,1
top,166965077456,,,,,,,,,,SGN
freq,4,110,110,110,111,111,111,203,203,203,212
count,211,211,211,211,211,211,211,211,211,211,211
unique,96,100,95,99,91,99,95,11,10,9,1
top,166965077528,,,,,,,,,,SGN
freq,4,111,111,111,110,110,110,201,201,201,211
count,210,210,210,210,210,210,210,210,210,210,210
unique,89,99,92,95,74,97,80,7,6,9,1
top,166965077606,,,,,,,,,,SGN
freq,4,110,110,110,110,110,110,200,200,200,210
count,213,213,213,213,213,213,213,213,213,213,213
unique,90,99,89,89,55,91,65,9,5,8,1
top,166965077744,,,,,,,,,,SGN
freq,4,111,111,111,112,112,112,203,203,203,213
count,208,208,208,208,208,208,208,208,208,208,208
unique,89,91,73,89,41,75,37,5,6,5,1
top,166965077879,,,,,,,,,,SGN
freq,4,109,109,109,109,109,109,198,198,198,208
count,212,212,212,212,212,212,212,212,212,212,212
unique,85,94,78,88,40,84,47,6,7,6,1
top,166965077933,,,,,,,,,,SGN
freq,4,111,111,111,111,111,111,202,202,202,212
count,211,211,211,211,211,211,211,211,211,211,211
unique,95,97,83,89,56,93,50,7,7,5,1
top,166965078023,,,,,,,,,,SGN
freq,4,110,110,110,110,110,110,202,202,202,211
count,212,212,212,212,212,212,212,212,212,212,212
unique,88,87,73,86,37,77,32,5,8,6,1
top,166965078152,,,,,,,,,,SGN
freq,4,111,111,111,111,111,111,202,202,202,212
count,210,210,210,210,210,210,210,210,210,210,210
unique,92,92,83,94,63,83,65,6,7,6,1
top,166965078230,,,,,,,,,,SGN
freq,4,110,110,110,110,110,110,200,200,200,210
count,212,212,212,212,212,212,212,212,212,212,212
unique,93,98,95,92,62,94,66,7,6,8,1
top,166965078365,,,,,,,,,,SGN
freq,4,111,111,111,111,111,111,202,202,202,212
count,210,210,210,210,210,210,210,210,210,210,210
unique,92,92,78,84,52,87,61,8,7,6,1
top,166965078464,,,,,,,,,,SGN
freq,4,110,110,110,110,110,110,200,200,200,210
count,210,210,210,210,210,210,210,210,210,210,210
unique,97,90,87,98,59,83,67,6,6,6,1
top,166965078551,,,,,,,,,,SGN
freq,4,110,110,110,110,110,110,200,200,200,210
count,213,213,213,213,213,213,213,213,213,213,213
unique,90,89,84,83,47,83,55,7,5,7,1
top,166965078674,,,,,,,,,,SGN
freq,4,111,111,111,111,111,111,204,204,204,213
count,210,210,210,210,210,210,210,210,210,210,210
unique,92,92,64,74,28,85,30,6,6,6,1
top,166965078783,,,,,,,,,,SGN
freq,4,110,110,110,110,110,110,200,200,200,210
count,212,212,212,212,212,212,212,212,212,212,212
unique,87,88,67,87,33,72,33,6,6,7,1
top,166965078854,,,,,,,,,,SGN
freq,4,111,111,111,111,111,111,202,202,202,212
count,212,212,212,212,212,212,212,212,212,212,212
unique,96,97,85,90,45,89,63,6,7,8,1
top,166965078962,,,,,,,,,,SGN
freq,4,111,111,111,111,111,111,202,202,202,212
count,210,210,210,210,210,210,210,210,210,210,210
unique,92,94,84,86,68,87,68,7,5,5,1
top,166965079058,,,,,,,,,,SGN
freq,4,110,110,110,110,110,110,200,200,200,210
count,207,207,207,207,207,207,207,207,207,207,207
unique,94,94,84,91,56,86,60,7,7,6,1
top,166965079187,,,,,,,,,,SGN
freq,4,109,109,109,108,108,108,197,197,197,207
count,213,213,213,213,213,213,213,213,213,213,213
unique,92,96,83,85,47,87,58,6,6,5,1
top,166965079293,,,,,,,,,,SGN
freq,4,111,111,111,111,111,111,204,204,204,213
count,213,213,213,213,213,213,213,213,213,213,213
unique,90,96,87,93,54,89,45,5,7,7,1
top,166965079361,,,,,,,,,,SGN
freq,4,111,111,111,112,112,112,203,203,203,213
count,213,213,213,213,213,213,213,213,213,213,213
unique,95,92,83,92,58,95,53,6,6,8,1
top,166965079452,,,,,,,,,,SGN
freq,4,112,112,112,111,111,111,203,203,203,213
count,209,209,209,209,209,209,209,209,209,209,209
unique,92,89,77,84,51,83,41,8,5,7,1
top,166965079590,,,,,,,,,,SGN
freq,4,109,109,109,110,110,110,199,199,199,209
count,212,212,212,212,212,212,212,212,212,212,212
unique,95,99,81,91,59,93,58,6,4,6,1
top,166965079698,,,,,,,,,,SGN
freq,4,111,111,111,111,111,111,202,202,202,212
count,210,210,210,210,210,210,210,210,210,210,210
unique,94,89,71,84,47,73,43,6,6,5,1
top,166965079758,,,,,,,,,,SGN
freq,4,110,110,110,110,110,110,200,200,200,210
count,210,210,210,210,210,210,210,210,210,210,210
unique,95,94,80,93,45,87,48,5,7,6,1
top,166965079845,,,,,,,,,,SGN
freq,5,110,110,110,109,109,109,201,201,201,210
count,213,213,213,213,213,213,213,213,213,213,213
unique,90,86,70,88,30,61,29,7,6,5,1
top,166965079965,,,,,,,,,,SGN
freq,4,111,111,111,112,112,112,203,203,203,213
count,205,205,205,205,205,205,205,205,205,205,205
unique,94,89,70,83,35,84,44,7,6,8,1
top,166965080046,,,,,,,,,,SGN
freq,4,108,108,108,107,107,107,195,195,195,205
count,217,217,217,217,217,217,217,217,217,217,217
unique,96,86,79,90,40,72,33,7,8,6,1
top,166965080142,,,,,,,,,,SGN
freq,4,113,113,113,114,114,114,207,207,207,217
count,212,212,212,212,212,212,212,212,212,212,212
unique,94,95,82,95,59,83,60,6,7,6,1
top,166965080253,,,,,,,,,,SGN
freq,4,111,111,111,111,111,111,202,202,202,212
count,212,212,212,212,212,212,212,212,212,212,212
unique,94,97,76,82,41,86,38,7,6,8,1
top,166965080337,,,,,,,,,,SGN
freq,4,111,111,111,111,111,111,202,202,202,212
count,208,208,208,208,208,208,208,208,208,208,208
unique,92,92,67,79,34,76,49,6,7,6,1
top,166965080457,,,,,,,,,,SGN
freq,4,109,109,109,109,109,109,198,198,198,208
count,207,207,207,207,207,207,207,207,207,207,207
unique,95,94,67,87,45,82,63,7,5,7,1
top,166965080559,,,,,,,,,,SGN
freq,4,108,108,108,108,108,108,198,198,198,207
count,218,218,218,218,218,218,218,218,218,218,218
unique,95,94,81,88,47,92,44,6,7,7,1
top,166965080664,,,,,,,,,,SGN
freq,4,114,114,114,114,114,114,208,208,208,218
count,210,210,210,210,210,210,210,210,210,210,210
unique,94,88,77,87,39,66,30,5,5,6,1
top,166965080793,,,,,,,,,,SGN
freq,4,110,110,110,110,110,110,200,200,200,210
count,208,208,208,208,208,208,208,208,208,208,208
unique,88,80,72,86,31,56,24,7,8,6,1
top,166965080895,,,,,,,,,,SGN
freq,4,109,109,109,109,109,109,198,198,198,208
count,214,214,214,214,214,214,214,214,214,214,214
unique,87,78,68,84,31,48,28,6,6,6,1
top,166965080958,,,,,,,,,,SGN
freq,4,112,112,112,112,112,112,204,204,204,214
count,190,190,190,190,190,190,190,190,190,190,190
unique,82,80,51,70,30,60,29,6,6,5,1
top,166965081063,,,,,,,,,,SGN
freq,5,98,98,98,101,101,101,181,181,181,190
count,212,212,212,212,212,212,212,212,212,212,212
unique,91,92,66,81,43,86,58,7,5,6,1
top,166965081156,,,,,,,,,,SGN
freq,4,111,111,111,110,110,110,203,203,203,212
count,205,205,205,205,205,205,205,205,205,205,205
unique,87,92,69,86,56,84,54,6,7,7,1
top,166965081297,,,,,,,,,,SGN
freq,4,107,107,107,108,108,108,195,195,195,205
count,220,220,220,220,220,220,220,220,220,220,220
unique,98,100,83,94,51,85,52,6,6,5,1
top,166965081357,,,,,,,,,,SGN
freq,4,115,115,115,115,115,115,210,210,210,220
count,206,206,206,206,206,206,206,206,206,206,206
unique,91,74,68,81,33,39,24,5,6,6,1
top,166965081483,,,,,,,,,,SGN
freq,4,108,108,108,108,108,108,196,196,196,206
count,216,216,216,216,216,216,216,216,216,216,216
unique,91,89,59,73,35,65,31,6,6,5,1
top,166965081582,,,,,,,,,,SGN
freq,4,113,113,113,113,113,113,206,206,206,216
count,205,205,205,205,205,205,205,205,205,205,205
unique,89,72,62,86,27,51,26,6,6,8,1
top,166965081672,,,,,,,,,,SGN
freq,4,108,108,108,107,107,107,195,195,195,205
count,216,216,216,216,216,216,216,216,216,216,216
unique,91,67,69,79,27,35,26,6,6,7,1
top,166965081708,,,,,,,,,,SGN
freq,4,113,113,113,113,113,113,206,206,206,216
count,208,208,208,208,208,208,208,208,208,208,208
unique,90,84,71,76,50,69,40,5,7,5,1
top,166965081846,,,,,,,,,,SGN
freq,4,108,108,108,109,109,109,199,199,199,208
count,214,214,214,214,214,214,214,214,214,214,214
unique,94,94,81,80,52,90,54,5,5,6,1
top,166965081921,,,,,,,,,,SGN
freq,4,112,112,112,112,112,112,204,204,204,214
count,214,214,214,214,214,214,214,214,214,214,214
unique,87,101,94,88,75,90,75,10,8,8,1
top,166965082095,,,,,,,,,,SGN
freq,4,112,112,112,112,112,112,204,204,204,214
count,210,210,210,210,210,210,210,210,210,210,210
unique,95,99,96,95,97,92,85,9,7,8,1
top,166965082134,,,,,,,,,,SGN
freq,4,110,110,110,110,110,110,200,200,200,210
count,212,212,212,212,212,212,212,212,212,212,212
unique,88,97,89,93,84,88,90,8,6,5,1
top,166965082299,,,,,,,,,,SGN
freq,4,111,111,111,111,111,111,202,202,202,212
count,210,210,210,210,210,210,210,210,210,210,210
unique,96,97,96,100,87,93,77,10,9,6,1
top,166965082380,,,,,,,,,,SGN
freq,4,110,110,110,110,110,110,200,200,200,210
count,211,211,211,211,211,211,211,211,211,211,211
unique,90,99,85,90,70,86,66,6,5,6,1
top,166965082461,,,,,,,,,,SGN
freq,4,111,111,111,110,110,110,201,201,201,211
count,208,208,208,208,208,208,208,208,208,208,208
unique,88,95,90,96,79,89,71,7,6,5,1
top,166965082533,,,,,,,,,,SGN
freq,4,108,108,108,109,109,109,199,199,199,208
count,212,212,212,212,212,212,212,212,212,212,212
unique,93,99,98,99,86,94,94,9,9,5,1
top,166965082629,,,,,,,,,,SGN
freq,4,111,111,111,111,111,111,202,202,202,212
count,214,214,214,214,214,214,214,214,214,214,214
unique,90,95,89,93,52,92,85,5,7,7,1
top,166965082794,,,,,,,,,,SGN
freq,4,112,112,112,112,112,112,204,204,204,214
count,212,212,212,212,212,212,212,212,212,212,212
unique,94,95,76,78,46,80,51,5,4,7,1
top,166965082902,,,,,,,,,,SGN
freq,4,111,111,111,111,111,111,202,202,202,212
count,212,212,212,212,212,212,212,212,212,212,212
unique,85,96,86,100,69,92,68,8,8,7,1
top,166965082995,,,,,,,,,,SGN
freq,5,111,111,111,111,111,111,202,202,202,212
count,210,210,210,210,210,210,210,210,210,210,210
unique,90,101,94,101,94,92,85,9,8,7,1
top,166965083103,,,,,,,,,,SGN
freq,4,110,110,110,110,110,110,200,200,200,210
count,211,211,211,211,211,211,211,211,211,211,211
unique,89,101,97,97,89,95,90,7,9,6,1
top,166965083169,,,,,,,,,,SGN
freq,4,111,111,111,110,110,110,201,201,201,211
count,212,212,212,212,212,212,212,212,212,212,212
unique,91,102,98,99,90,96,85,10,10,7,1
top,166965083283,,,,,,,,,,SGN
freq,4,110,110,110,111,111,111,203,203,203,212
count,212,212,212,212,212,212,212,212,212,212,212
unique,91,99,90,91,76,87,71,6,8,6,1
top,166965083373,,,,,,,,,,SGN
freq,4,111,111,111,111,111,111,202,202,202,212
count,208,208,208,208,208,208,208,208,208,208,208
unique,85,98,96,95,89,97,86,7,6,7,1
top,166965083505,,,,,,,,,,SGN
freq,5,109,109,109,109,109,109,198,198,198,208
count,209,209,209,209,209,209,209,209,209,209,209
unique,92,97,85,91,51,90,53,5,6,8,1
top,166965083562,,,,,,,,,,SGN
freq,4,110,110,110,109,109,109,199,199,199,209
count,213,213,213,213,213,213,213,213,213,213,213
unique,88,91,67,78,44,81,39,6,8,6,1
top,166965083658,,,,,,,,,,SGN
freq,4,111,111,111,112,112,112,203,203,203,213
count,214,214,214,214,214,214,214,214,214,214,214
unique,91,99,97,99,76,91,78,6,8,5,1
top,166965083754,,,,,,,,,,SGN
freq,4,112,112,112,112,112,112,204,204,204,214
count,210,210,210,210,210,210,210,210,210,210,210
unique,86,98,93,98,86,86,74,8,9,5,1
top,166965083856,,,,,,,,,,SGN
freq,4,110,110,110,109,109,109,201,201,201,210
count,209,209,209,209,209,209,209,209,209,209,209
unique,93,96,97,99,87,81,75,8,10,8,1
top,166965083970,,,,,,,,,,SGN
freq,4,109,109,109,110,110,110,199,199,199,209
count,216,216,216,216,216,216,216,216,216,216,216
unique,92,103,99,100,86,94,89,8,8,7,1
top,166965084084,,,,,,,,,,SGN
freq,4,113,113,113,113,113,113,206,206,206,216
count,209,209,209,209,209,209,209,209,209,209,209
unique,92,92,85,93,56,83,62,7,8,7,1
top,166965084156,,,,,,,,,,SGN
freq,4,110,110,110,109,109,109,199,199,199,209
count,213,213,213,213,213,213,213,213,213,213,213
unique,91,88,79,83,37,70,43,6,7,7,1
top,166965084264,,,,,,,,,,SGN
freq,4,111,111,111,112,112,112,203,203,203,213
count,208,208,208,208,208,208,208,208,208,208,208
unique,84,97,85,91,47,80,60,7,7,6,1
top,166965084396,,,,,,,,,,SGN
freq,4,109,109,109,109,109,109,198,198,198,208
count,214,214,214,214,214,214,214,214,214,214,214
unique,95,96,83,92,61,79,51,7,6,7,1
top,166965084495,,,,,,,,,,SGN
freq,4,112,112,112,112,112,112,204,204,204,214
count,211,211,211,211,211,211,211,211,211,211,211
unique,91,95,86,96,62,91,67,7,6,6,1
top,166965084561,,,,,,,,,,SGN
freq,5,110,110,110,110,110,110,202,202,202,211
count,208,208,208,208,208,208,208,208,208,208,208
unique,89,97,85,88,45,78,49,6,7,6,1
top,166965084654,,,,,,,,,,SGN
freq,4,109,109,109,109,109,109,198,198,198,208
count,208,208,208,208,208,208,208,208,208,208,208
unique,90,92,81,89,43,82,62,5,5,7,1
top,166965084738,,,,,,,,,,SGN
freq,4,109,109,109,109,109,109,198,198,198,208
count,216,216,216,216,216,216,216,216,216,216,216
unique,91,87,71,81,23,63,36,8,5,7,1
top,166965084837,,,,,,,,,,SGN
freq,4,113,113,113,113,113,113,206,206,206,216
count,212,212,212,212,212,212,212,212,212,212,212
unique,91,87,60,82,28,75,42,6,6,6,1
top,166965084942,,,,,,,,,,SGN
freq,4,111,111,111,111,111,111,202,202,202,212
count,210,210,210,210,210,210,210,210,210,210,210
unique,85,90,61,72,30,70,42,5,5,7,1
top,166965085068,,,,,,,,,,SGN
freq,5,110,110,110,110,110,110,200,200,200,210
count,211,211,211,211,211,211,211,211,211,211,211
unique,92,97,84,97,63,94,67,6,7,5,1
top,166965085200,,,,,,,,,,SGN
freq,4,110,110,110,110,110,110,202,202,202,211
count,212,212,212,212,212,212,212,212,212,212,212
unique,89,98,101,100,96,101,94,11,9,7,1
top,166965085239,,,,,,,,,,SGN
freq,4,111,111,111,111,111,111,202,202,202,212
count,212,212,212,212,212,212,212,212,212,212,212
unique,93,100,94,93,77,93,78,9,8,6,1
top,166965085371,,,,,,,,,,SGN
freq,4,111,111,111,111,111,111,202,202,202,212
count,210,210,210,210,210,210,210,210,210,210,210
unique,87,98,92,88,81,96,76,7,7,8,1
top,166965085434,,,,,,,,,,SGN
freq,5,110,110,110,110,110,110,200,200,200,210
count,214,214,214,214,214,214,214,214,214,214,214
unique,88,102,95,101,76,100,81,8,8,7,1
top,166965085524,,,,,,,,,,SGN
freq,4,112,112,112,112,112,112,204,204,204,214
count,210,210,210,210,210,210,210,210,210,210,210
unique,90,100,94,93,88,93,89,7,8,8,1
top,166965085644,,,,,,,,,,SGN
freq,4,110,110,110,110,110,110,200,200,200,210
count,210,210,210,210,210,210,210,210,210,210,210
unique,90,93,93,96,74,87,68,7,7,5,1
top,166965085761,,,,,,,,,,SGN
freq,4,110,110,110,110,110,110,200,200,200,210
count,212,212,212,212,212,212,212,212,212,212,212
unique,93,89,81,91,69,72,68,5,7,7,1
top,166965085863,,,,,,,,,,SGN
freq,4,111,111,111,110,110,110,203,203,203,212
count,211,211,211,211,211,211,211,211,211,211,211
unique,84,75,76,86,50,56,33,7,6,7,1
top,166965085983,,,,,,,,,,SGN
freq,5,110,110,110,111,111,111,201,201,201,211
count,212,212,212,212,212,212,212,212,212,212,212
unique,93,99,95,93,81,88,79,9,10,7,1
top,166965086079,,,,,,,,,,SGN
freq,4,111,111,111,111,111,111,202,202,202,212
count,210,210,210,210,210,210,210,210,210,210,210
unique,88,94,95,94,84,95,82,9,8,7,1
top,166965086160,,,,,,,,,,SGN
freq,4,110,110,110,110,110,110,200,200,200,210
count,210,210,210,210,210,210,210,210,210,210,210
unique,91,99,98,92,81,87,84,8,8,7,1
top,166965086214,,,,,,,,,,SGN
freq,4,110,110,110,110,110,110,200,200,200,210
count,210,210,210,210,210,210,210,210,210,210,210
unique,92,96,100,95,85,83,81,7,10,5,1
top,166965086343,,,,,,,,,,SGN
freq,4,110,110,110,110,110,110,200,200,200,210
count,207,207,207,207,207,207,207,207,207,207,207
unique,87,98,99,97,89,98,97,10,8,7,1
top,166965086499,,,,,,,,,,SGN
freq,4,108,108,108,108,108,108,198,198,198,207
count,218,218,218,218,218,218,218,218,218,218,218
unique,98,101,101,102,98,103,103,11,9,8,1
top,166965086529,,,,,,,,,,SGN
freq,4,114,114,114,114,114,114,208,208,208,218
count,212,212,212,212,212,212,212,212,212,212,212
unique,86,97,82,94,73,95,75,6,6,4,1
top,166965086661,,,,,,,,,,SGN
freq,4,111,111,111,111,111,111,202,202,202,212
count,210,210,210,210,210,210,210,210,210,210,210
unique,94,95,93,93,74,91,64,5,8,5,1
top,166965086760,,,,,,,,,,SGN
freq,4,110,110,110,110,110,110,200,200,200,210
count,212,212,212,212,212,212,212,212,212,212,212
unique,87,97,92,90,67,92,57,5,6,6,1
top,166965086865,,,,,,,,,,SGN
freq,4,111,111,111,111,111,111,202,202,202,212
count,203,203,203,203,203,203,203,203,203,203,203
unique,88,90,91,91,68,78,52,5,5,7,1
top,166965086961,,,,,,,,,,SGN
freq,4,106,106,106,106,106,106,194,194,194,203
count,219,219,219,219,219,219,219,219,219,219,219
unique,94,97,96,95,71,92,58,4,9,6,1
top,166965087063,,,,,,,,,,SGN
freq,4,115,115,115,115,115,115,208,208,208,219
count,207,207,207,207,207,207,207,207,207,207,207
unique,88,96,97,95,82,94,59,5,5,7,1
top,166965087156,,,,,,,,,,SGN
freq,4,108,108,108,108,108,108,198,198,198,207
count,210,210,210,210,210,210,210,210,210,210,210
unique,88,91,82,94,59,73,50,5,6,4,1
top,166965087294,,,,,,,,,,SGN
freq,4,110,110,110,110,110,110,200,200,200,210
count,216,216,216,216,216,216,216,216,216,216,216
unique,92,95,82,83,55,67,33,5,8,6,1
top,166965087402,,,,,,,,,,SGN
freq,4,113,113,113,113,113,113,206,206,206,216
count,210,210,210,210,210,210,210,210,210,210,210
unique,95,80,69,83,56,61,29,7,6,7,1
top,166965087441,,,,,,,,,,SGN
freq,4,110,110,110,110,110,110,200,200,200,210
count,212,212,212,212,212,212,212,212,212,212,212
unique,89,93,87,94,71,81,58,6,6,6,1
top,166965087564,,,,,,,,,,SGN
freq,4,111,111,111,111,111,111,202,202,202,212
count,208,208,208,208,208,208,208,208,208,208,208
unique,92,100,92,95,87,96,86,9,10,9,1
top,166965087654,,,,,,,,,,SGN
freq,4,109,109,109,109,109,109,198,198,198,208
count,213,213,213,213,213,213,213,213,213,213,213
unique,92,101,100,99,89,98,90,9,9,6,1
top,166965087765,,,,,,,,,,SGN
freq,4,111,111,111,111,111,111,204,204,204,213
count,212,212,212,212,212,212,212,212,212,212,212
unique,90,100,97,100,89,99,88,9,10,7,1
top,166965087861,,,,,,,,,,SGN
freq,4,111,111,111,111,111,111,202,202,202,212
count,210,210,210,210,210,210,210,210,210,210,210
unique,94,96,85,91,68,90,69,5,6,6,1
top,166965087933,,,,,,,,,,SGN
freq,4,110,110,110,110,110,110,200,200,200,210
count,208,208,208,208,208,208,208,208,208,208,208
unique,87,96,93,96,81,94,89,8,7,8,1
top,166965088056,,,,,,,,,,SGN
freq,4,109,109,109,109,109,109,198,198,198,208
count,214,214,214,214,214,214,214,214,214,214,214
unique,96,97,89,96,77,93,67,6,6,6,1
top,166965088131,,,,,,,,,,SGN
freq,4,112,112,112,112,112,112,204,204,204,214
count,210,210,210,210,210,210,210,210,210,210,210
unique,90,95,93,99,76,91,89,7,8,6,1
top,166965088302,,,,,,,,,,SGN
freq,4,110,110,110,110,110,110,200,200,200,210
count,211,211,211,211,211,211,211,211,211,211,211
unique,89,96,94,95,79,91,70,7,8,8,1
top,166965088401,,,,,,,,,,SGN
freq,4,110,110,110,110,110,110,202,202,202,211
count,212,212,212,212,212,212,212,212,212,212,212
unique,91,100,90,96,67,89,63,7,8,7,1
top,166965088431,,,,,,,,,,SGN
freq,4,111,111,111,111,111,111,202,202,202,212
count,210,210,210,210,210,210,210,210,210,210,210
unique,91,96,95,96,78,90,93,10,9,9,1
top,166965088575,,,,,,,,,,SGN
freq,5,110,110,110,110,110,110,200,200,200,210
count,212,212,212,212,212,212,212,212,212,212,212
unique,91,100,100,98,100,96,100,10,9,8,1
top,166965088626,,,,,,,,,,SGN
freq,4,111,111,111,111,111,111,202,202,202,212
count,212,212,212,212,212,212,212,212,212,212,212
unique,90,99,98,102,91,98,88,8,10,8,1
top,166965088761,,,,,,,,,,SGN
freq,4,111,111,111,111,111,111,202,202,202,212
count,208,208,208,208,208,208,208,208,208,208,208
unique,92,100,94,96,86,100,90,8,6,9,1
top,166965088905,,,,,,,,,,SGN
freq,4,109,109,109,109,109,109,198,198,198,208
count,213,213,213,213,213,213,213,213,213,213,213
unique,87,101,94,99,76,100,79,7,7,7,1
top,166965088965,,,,,,,,,,SGN
freq,4,112,112,112,111,111,111,203,203,203,213
count,212,212,212,212,212,212,212,212,212,212,212
unique,91,102,98,98,85,98,85,9,5,6,1
top,166965089112,,,,,,,,,,SGN
freq,4,110,110,110,111,111,111,203,203,203,212
count,210,210,210,210,210,210,210,210,210,210,210
unique,91,98,99,97,81,95,85,8,6,6,1
top,166965089130,,,,,,,,,,SGN
freq,4,110,110,110,110,110,110,200,200,200,210
count,213,213,213,213,213,213,213,213,213,213,213
unique,92,98,93,92,68,94,82,7,7,5,1
top,166965089283,,,,,,,,,,SGN
freq,4,112,112,112,111,111,111,203,203,203,213
count,211,211,211,211,211,211,211,211,211,211,211
unique,94,98,90,98,88,99,85,9,10,8,1
top,166965089391,,,,,,,,,,SGN
freq,4,110,110,110,111,111,111,201,201,201,211
count,206,206,206,206,206,206,206,206,206,206,206
unique,91,98,97,94,90,94,82,9,9,8,1
top,166965089463,,,,,,,,,,SGN
freq,4,108,108,108,108,108,108,196,196,196,206
count,208,208,208,208,208,208,208,208,208,208,208
unique,90,98,95,95,81,98,85,10,9,6,1
top,166965089568,,,,,,,,,,SGN
freq,4,109,109,109,108,108,108,199,199,199,208
count,219,219,219,219,219,219,219,219,219,219,219
unique,96,103,98,100,85,98,99,8,7,5,1
top,166965089697,,,,,,,,,,SGN
freq,4,114,114,114,115,115,115,209,209,209,219
count,208,208,208,208,208,208,208,208,208,208,208
unique,94,99,92,94,79,96,87,8,7,8,1
top,166965089736,,,,,,,,,,SGN
freq,4,109,109,109,109,109,109,198,198,198,208
count,212,212,212,212,212,212,212,212,212,212,212
unique,89,101,99,97,78,101,87,10,8,7,1
top,166965089856,,,,,,,,,,SGN
freq,4,111,111,111,111,111,111,202,202,202,212
count,212,212,212,212,212,212,212,212,212,212,212
unique,96,99,93,101,94,96,94,8,7,7,1
top,166965089994,,,,,,,,,,SGN
freq,4,111,111,111,111,111,111,202,202,202,212
count,211,211,211,211,211,211,211,211,211,211,211
unique,91,100,99,96,88,97,97,10,9,5,1
top,166965090105,,,,,,,,,,SGN
freq,4,111,111,111,110,110,110,201,201,201,211
count,211,211,211,211,211,211,211,211,211,211,211
unique,91,100,97,99,91,96,94,11,8,8,1
top,166965090174,,,,,,,,,,SGN
freq,4,110,110,110,111,111,111,201,201,201,211
count,211,211,211,211,211,211,211,211,211,211,211
unique,91,101,99,99,96,95,92,9,8,9,1
top,166965090273,,,,,,,,,,SGN
freq,4,110,110,110,110,110,110,202,202,202,211
count,210,210,210,210,210,210,210,210,210,210,210
unique,92,100,99,101,95,101,88,9,9,9,1
top,166965090382,,,,,,,,,,SGN
freq,4,110,110,110,110,110,110,200,200,200,210
count,211,211,211,211,211,211,211,211,211,211,211
unique,97,101,94,95,84,99,84,9,8,6,1
top,166965090439,,,,,,,,,,SGN
freq,4,111,111,111,110,110,110,201,201,201,211
count,207,207,207,207,207,207,207,207,207,207,207
unique,91,96,95,95,76,91,73,8,8,8,1
top,166965090534,,,,,,,,,,SGN
freq,4,108,108,108,109,109,109,197,197,197,207
count,209,209,209,209,209,209,209,209,209,209,209
unique,95,100,96,91,73,101,93,8,7,7,1
top,166965090616,,,,,,,,,,SGN
freq,4,109,109,109,109,109,109,200,200,200,209
count,218,218,218,218,218,218,218,218,218,218,218
unique,92,100,94,99,77,99,85,10,6,7,1
top,166965090777,,,,,,,,,,SGN
freq,4,115,115,115,114,114,114,207,207,207,218
count,210,210,210,210,210,210,210,210,210,210,210
unique,95,100,97,98,78,95,79,10,6,8,1
top,166965090900,,,,,,,,,,SGN
freq,4,109,109,109,110,110,110,201,201,201,210
count,212,212,212,212,212,212,212,212,212,212,212
unique,92,99,95,97,82,99,77,7,6,8,1
top,166965090924,,,,,,,,,,SGN
freq,4,111,111,111,111,111,111,202,202,202,212
count,210,210,210,210,210,210,210,210,210,210,210
unique,91,99,98,96,78,101,91,8,9,8,1
top,166965091063,,,,,,,,,,SGN
freq,4,110,110,110,110,110,110,200,200,200,210
count,212,212,212,212,212,212,212,212,212,212,212
unique,96,101,97,98,70,100,73,8,6,9,1
top,166965091126,,,,,,,,,,SGN
freq,4,111,111,111,111,111,111,202,202,202,212
count,210,210,210,210,210,210,210,210,210,210,210
unique,89,100,92,95,71,92,67,8,8,7,1
top,166965091309,,,,,,,,,,SGN
freq,4,110,110,110,110,110,110,200,200,200,210
count,214,214,214,214,214,214,214,214,214,214,214
unique,98,98,87,95,78,98,68,7,7,7,1
top,166965091353,,,,,,,,,,SGN
freq,4,112,112,112,112,112,112,204,204,204,214
count,210,210,210,210,210,210,210,210,210,210,210
unique,92,99,92,96,72,91,73,8,7,9,1
top,166965091495,,,,,,,,,,SGN
freq,4,110,110,110,110,110,110,200,200,200,210
count,211,211,211,211,211,211,211,211,211,211,211
unique,99,98,93,99,75,97,80,8,6,5,1
top,166965091546,,,,,,,,,,SGN
freq,4,110,110,110,110,110,110,202,202,202,211
count,209,209,209,209,209,209,209,209,209,209,209
unique,86,97,93,93,75,89,68,5,6,5,1
top,166965091666,,,,,,,,,,SGN
freq,4,109,109,109,110,110,110,199,199,199,209
count,212,212,212,212,212,212,212,212,212,212,212
unique,93,98,94,96,85,97,88,9,4,7,1
top,166965091807,,,,,,,,,,SGN
freq,4,111,111,111,111,111,111,202,202,202,212
count,212,212,212,212,212,212,212,212,212,212,212
unique,95,101,100,102,102,100,95,10,11,7,1
top,166965091864,,,,,,,,,,SGN
freq,4,111,111,111,111,111,111,202,202,202,212
count,198,198,198,198,198,198,198,198,198,198,198
unique,90,92,94,94,84,91,86,8,8,7,1
top,166965091969,,,,,,,,,,SGN
freq,4,103,103,103,104,104,104,189,189,189,198
count,192,192,192,192,192,192,192,192,192,192,192
unique,82,93,86,90,57,77,50,6,9,5,1
top,166965092050,,,,,,,,,,SGN
freq,5,97,97,97,105,105,105,182,182,182,192
count,177,177,177,177,177,177,177,177,177,177,177
unique,78,86,79,81,55,67,49,7,6,7,1
top,166965092140,,,,,,,,,,SGN
freq,5,87,87,87,100,100,100,167,167,167,177
count,190,190,190,190,190,190,190,190,190,190,190
unique,84,88,81,87,40,64,40,7,4,6,1
top,166965092266,,,,,,,,,,SGN
freq,4,94,94,94,103,103,103,183,183,183,190
count,160,160,160,160,160,160,160,160,160,160,160
unique,68,74,68,74,35,62,48,7,7,6,1
top,166965092362,,,,,,,,,,SGN
freq,4,79,79,79,89,89,89,152,152,152,160
count,202,202,202,202,202,202,202,202,202,202,202
unique,84,103,100,102,84,87,90,9,10,9,1
top,166965092455,,,,,,,,,,SGN
freq,6,100,100,100,111,111,111,193,193,193,202
count,214,214,214,214,214,214,214,214,214,214,214
unique,91,103,100,102,99,100,99,11,8,8,1
top,166965092569,,,,,,,,,,SGN
freq,4,112,112,112,112,112,112,204,204,204,214
count,210,210,210,210,210,210,210,210,210,210,210
unique,91,99,99,99,82,97,96,10,9,9,1
top,166965092707,,,,,,,,,,SGN
freq,4,110,110,110,110,110,110,200,200,200,210
count,204,204,204,204,204,204,204,204,204,204,204
unique,88,98,97,98,92,98,95,10,8,7,1
top,166965092767,,,,,,,,,,SGN
freq,4,107,107,107,106,106,106,195,195,195,204
count,217,217,217,217,217,217,217,217,217,217,217
unique,92,100,97,99,78,87,71,7,6,5,1
top,166965092875,,,,,,,,,,SGN
freq,4,113,113,113,114,114,114,207,207,207,217
count,208,208,208,208,208,208,208,208,208,208,208
unique,90,96,91,93,81,82,64,8,8,5,1
top,166965092968,,,,,,,,,,SGN
freq,4,109,109,109,109,109,109,198,198,198,208
count,210,210,210,210,210,210,210,210,210,210,210
unique,93,89,87,91,58,83,53,7,7,7,1
top,166965093112,,,,,,,,,,SGN
freq,4,110,110,110,110,110,110,200,200,200,210
count,199,199,199,199,199,199,199,199,199,199,199
unique,93,96,89,96,72,85,62,8,8,6,1
top,166965093172,,,,,,,,,,SGN
freq,4,102,102,102,107,107,107,189,189,189,199
count,216,216,216,216,216,216,216,216,216,216,216
unique,95,103,104,103,96,98,88,10,10,8,1
top,166965093247,,,,,,,,,,SGN
freq,4,112,112,112,114,114,114,206,206,206,216
count,216,216,216,216,216,216,216,216,216,216,216
unique,88,98,98,97,86,98,82,7,6,6,1
top,166965093319,,,,,,,,,,SGN
freq,4,113,113,113,113,113,113,206,206,206,216
count,210,210,210,210,210,210,210,210,210,210,210
unique,91,92,81,89,48,67,56,7,7,6,1
top,166965093430,,,,,,,,,,SGN
freq,4,110,110,110,110,110,110,200,200,200,210
count,211,211,211,211,211,211,211,211,211,211,211
unique,90,101,96,96,80,97,77,7,9,5,1
top,166965093595,,,,,,,,,,SGN
freq,4,110,110,110,110,110,110,202,202,202,211
count,214,214,214,214,214,214,214,214,214,214,214
unique,92,103,100,97,91,98,85,7,6,7,1
top,166965093670,,,,,,,,,,SGN
freq,4,112,112,112,112,112,112,204,204,204,214
count,212,212,212,212,212,212,212,212,212,212,212
unique,87,100,98,97,93,93,81,7,10,9,1
top,166965093769,,,,,,,,,,SGN
freq,4,111,111,111,111,111,111,202,202,202,212
count,208,208,208,208,208,208,208,208,208,208,208
unique,95,96,87,85,63,82,75,8,6,6,1
top,166965093871,,,,,,,,,,SGN
freq,4,109,109,109,109,109,109,198,198,198,208
count,214,214,214,214,214,214,214,214,214,214,214
unique,89,86,78,92,37,58,60,9,5,5,1
top,166965093961,,,,,,,,,,SGN
freq,4,112,112,112,112,112,112,204,204,204,214
count,216,216,216,216,216,216,216,216,216,216,216
unique,97,74,74,88,43,51,47,7,7,6,1
top,166965094057,,,,,,,,,,SGN
freq,4,113,113,113,113,113,113,206,206,206,216
count,212,212,212,212,212,212,212,212,212,212,212
unique,88,70,60,81,24,30,33,7,8,5,1
top,166965094216,,,,,,,,,,SGN
freq,4,111,111,111,111,111,111,202,202,202,212
count,208,208,208,208,208,208,208,208,208,208,208
unique,88,67,63,75,34,37,43,7,8,7,1
top,166965094312,,,,,,,,,,SGN
freq,4,109,109,109,109,109,109,198,198,198,208
count,212,212,212,212,212,212,212,212,212,212,212
unique,93,79,60,65,24,55,43,6,5,5,1
top,166965094372,,,,,,,,,,SGN
freq,4,111,111,111,110,110,110,203,203,203,212
count,211,211,211,211,211,211,211,211,211,211,211
unique,85,64,55,75,23,24,28,8,5,4,1
top,166965094468,,,,,,,,,,SGN
freq,4,110,110,110,111,111,111,201,201,201,211
count,208,208,208,208,208,208,208,208,208,208,208
unique,93,88,76,87,54,62,61,8,8,6,1
top,166965094576,,,,,,,,,,SGN
freq,4,109,109,109,109,109,109,198,198,198,208
count,201,201,201,201,201,201,201,201,201,201,201
unique,85,97,95,96,91,95,92,9,11,7,1
top,166965094693,,,,,,,,,,SGN
freq,4,104,104,104,107,107,107,191,191,191,201
count,212,212,212,212,212,212,212,212,212,212,212
unique,90,98,97,98,91,96,85,7,8,8,1
top,166965094792,,,,,,,,,,SGN
freq,4,111,111,111,111,111,111,202,202,202,212
count,212,212,212,212,212,212,212,212,212,212,212
unique,90,99,102,98,90,96,86,10,9,8,1
top,166965094873,,,,,,,,,,SGN
freq,4,111,111,111,111,111,111,202,202,202,212
count,210,210,210,210,210,210,210,210,210,210,210
unique,88,94,87,90,77,82,69,7,7,5,1
top,166965095017,,,,,,,,,,SGN
freq,4,110,110,110,110,110,110,200,200,200,210
count,211,211,211,211,211,211,211,211,211,211,211
unique,90,100,101,101,100,97,88,10,8,8,1
top,166965095077,,,,,,,,,,SGN
freq,4,110,110,110,110,110,110,202,202,202,211
count,212,212,212,212,212,212,212,212,212,212,212
unique,85,100,99,101,96,96,90,9,9,8,1
top,166965095152,,,,,,,,,,SGN
freq,5,111,111,111,111,111,111,202,202,202,212
count,210,210,210,210,210,210,210,210,210,210,210
unique,96,97,95,99,92,98,88,6,8,8,1
top,166965095317,,,,,,,,,,SGN
freq,4,110,110,110,110,110,110,200,200,200,210
count,212,212,212,212,212,212,212,212,212,212,212
unique,87,96,100,102,93,90,88,8,7,10,1
top,166965095335,,,,,,,,,,SGN
freq,5,111,111,111,111,111,111,202,202,202,212
count,209,209,209,209,209,209,209,209,209,209,209
unique,94,97,97,99,87,96,88,8,8,9,1
top,166965095518,,,,,,,,,,SGN
freq,4,110,110,110,109,109,109,199,199,199,209
count,210,210,210,210,210,210,210,210,210,210,210
unique,86,100,98,100,89,99,87,6,9,9,1
top,166965095569,,,,,,,,,,SGN
freq,4,110,110,110,110,110,110,200,200,200,210
count,212,212,212,212,212,212,212,212,212,212,212
unique,92,101,101,101,97,101,101,9,9,10,1
top,166965095623,,,,,,,,,,SGN
freq,4,110,110,110,111,111,111,203,203,203,212
count,212,212,212,212,212,212,212,212,212,212,212
unique,88,101,98,98,90,97,83,11,6,7,1
top,166965095755,,,,,,,,,,SGN
freq,4,111,111,111,111,111,111,202,202,202,212
count,210,210,210,210,210,210,210,210,210,210,210
unique,94,99,97,95,76,90,79,8,7,8,1
top,166965095920,,,,,,,,,,SGN
freq,4,110,110,110,110,110,110,200,200,200,210
count,211,211,211,211,211,211,211,211,211,211,211
unique,93,97,89,97,68,89,69,6,5,6,1
top,166965096010,,,,,,,,,,SGN
freq,4,111,111,111,110,110,110,201,201,201,211
count,206,206,206,206,206,206,206,206,206,206,206
unique,88,93,77,87,59,83,57,9,5,7,1
top,166965096073,,,,,,,,,,SGN
freq,4,108,108,108,108,108,108,196,196,196,206
count,217,217,217,217,217,217,217,217,217,217,217
unique,93,104,99,104,87,102,86,8,5,6,1
top,166965096148,,,,,,,,,,SGN
freq,4,113,113,113,114,114,114,207,207,207,217
count,209,209,209,209,209,209,209,209,209,209,209
unique,89,94,86,90,63,79,66,8,8,7,1
top,166965096223,,,,,,,,,,SGN
freq,4,109,109,109,109,109,109,200,200,200,209
count,214,214,214,214,214,214,214,214,214,214,214
unique,91,98,78,85,56,68,69,6,6,5,1
top,166965096409,,,,,,,,,,SGN
freq,4,112,112,112,112,112,112,204,204,204,214
count,212,212,212,212,212,212,212,212,212,212,212
unique,90,95,85,91,71,89,73,7,7,6,1
top,166965096502,,,,,,,,,,SGN
freq,4,111,111,111,111,111,111,202,202,202,212
count,211,211,211,211,211,211,211,211,211,211,211
unique,92,91,75,88,52,71,62,6,6,7,1
top,166965096616,,,,,,,,,,SGN
freq,5,111,111,111,110,110,110,201,201,201,211
count,203,203,203,203,203,203,203,203,203,203,203
unique,88,88,77,86,59,73,66,7,5,6,1
top,166965096655,,,,,,,,,,SGN
freq,4,106,106,106,107,107,107,193,193,193,203
count,218,218,218,218,218,218,218,218,218,218,218
unique,89,92,78,88,60,74,63,6,7,7,1
top,166965096814,,,,,,,,,,SGN
freq,4,114,114,114,114,114,114,208,208,208,218
count,209,209,209,209,209,209,209,209,209,209,209
unique,91,90,79,87,48,75,63,6,8,5,1
top,166965096844,,,,,,,,,,SGN
freq,4,110,110,110,109,109,109,199,199,199,209
count,214,214,214,214,214,214,214,214,214,214,214
unique,84,91,73,85,39,62,35,8,5,6,1
top,166965096982,,,,,,,,,,SGN
freq,5,112,112,112,112,112,112,204,204,204,214
count,210,210,210,210,210,210,210,210,210,210,210
unique,91,93,88,98,78,87,66,7,7,5,1
top,166965097024,,,,,,,,,,SGN
freq,4,109,109,109,110,110,110,201,201,201,210
count,212,212,212,212,212,212,212,212,212,212,212
unique,90,100,100,100,86,97,88,10,8,6,1
top,166965097153,,,,,,,,,,SGN
freq,4,111,111,111,111,111,111,202,202,202,212
count,211,211,211,211,211,211,211,211,211,211,211
unique,88,100,83,101,66,95,64,9,6,6,1
top,166965097315,,,,,,,,,,SGN
freq,4,111,111,111,110,110,110,201,201,201,211
count,211,211,211,211,211,211,211,211,211,211,211
unique,90,93,93,95,73,93,67,7,6,8,1
top,166965097324,,,,,,,,,,SGN
freq,4,110,110,110,111,111,111,201,201,201,211
count,212,212,212,212,212,212,212,212,212,212,212
unique,88,91,73,94,56,89,52,8,7,6,1
top,166965097522,,,,,,,,,,SGN
freq,4,111,111,111,111,111,111,202,202,202,212
count,209,209,209,209,209,209,209,209,209,209,209
unique,96,92,86,89,61,94,49,7,5,6,1
top,166965097525,,,,,,,,,,SGN
freq,4,109,109,109,109,109,109,200,200,200,209
count,210,210,210,210,210,210,210,210,210,210,210
unique,87,93,86,97,78,96,60,8,6,6,1
top,166965097693,,,,,,,,,,SGN
freq,4,110,110,110,110,110,110,200,200,200,210
count,214,214,214,214,214,214,214,214,214,214,214
unique,93,99,95,103,85,101,94,8,9,7,1
top,166965097792,,,,,,,,,,SGN
freq,4,112,112,112,112,112,112,204,204,204,214
count,212,212,212,212,212,212,212,212,212,212,212
unique,87,94,84,95,78,80,72,6,7,8,1
top,166965097882,,,,,,,,,,SGN
freq,4,111,111,111,111,111,111,202,202,202,212
count,206,206,206,206,206,206,206,206,206,206,206
unique,93,92,84,94,73,86,83,9,6,5,1
top,166965097939,,,,,,,,,,SGN
freq,4,108,108,108,108,108,108,196,196,196,206
count,216,216,216,216,216,216,216,216,216,216,216
unique,91,101,83,98,68,92,72,8,5,6,1
top,166965098071,,,,,,,,,,SGN
freq,4,113,113,113,113,113,113,206,206,206,216
count,210,210,210,210,210,210,210,210,210,210,210
unique,89,89,66,81,49,73,41,6,9,7,1
top,166965098173,,,,,,,,,,SGN
freq,4,110,110,110,110,110,110,200,200,200,210
count,211,211,211,211,211,211,211,211,211,211,211
unique,89,96,82,91,60,80,60,6,5,7,1
top,166965098275,,,,,,,,,,SGN
freq,4,110,110,110,110,110,110,202,202,202,211
count,210,210,210,210,210,210,210,210,210,210,210
unique,82,100,94,100,87,99,91,10,8,7,1
top,166965098395,,,,,,,,,,SGN
freq,5,110,110,110,110,110,110,200,200,200,210
count,212,212,212,212,212,212,212,212,212,212,212
unique,96,97,92,99,80,89,69,8,5,5,1
top,166965098515,,,,,,,,,,SGN
freq,4,111,111,111,111,111,111,202,202,202,212
count,212,212,212,212,212,212,212,212,212,212,212
unique,83,97,88,97,72,93,62,9,8,7,1
top,166965098578,,,,,,,,,,SGN
freq,5,111,111,111,111,111,111,202,202,202,212
count,208,208,208,208,208,208,208,208,208,208,208
unique,90,98,90,99,86,96,77,11,6,8,1
top,166965098713,,,,,,,,,,SGN
freq,4,109,109,109,109,109,109,198,198,198,208
count,212,212,212,212,212,212,212,212,212,212,212
unique,89,100,93,96,79,94,74,9,8,5,1
top,166965098818,,,,,,,,,,SGN
freq,4,111,111,111,111,111,111,202,202,202,212
count,209,209,209,209,209,209,209,209,209,209,209
unique,90,99,84,98,65,94,77,7,6,5,1
top,166965098887,,,,,,,,,,SGN
freq,4,109,109,109,109,109,109,200,200,200,209
count,214,214,214,214,214,214,214,214,214,214,214
unique,96,96,87,99,76,95,70,8,6,6,1
top,166965099010,,,,,,,,,,SGN
freq,4,112,112,112,112,112,112,204,204,204,214
count,210,210,210,210,210,210,210,210,210,210,210
unique,88,98,87,99,75,90,70,8,5,6,1
top,166965099073,,,,,,,,,,SGN
freq,4,110,110,110,110,110,110,200,200,200,210
count,210,210,210,210,210,210,210,210,210,210,210
unique,96,101,98,98,87,95,90,10,9,10,1
top,166965099127,,,,,,,,,,SGN
freq,4,110,110,110,110,110,110,200,200,200,210
count,201,201,201,201,201,201,201,201,201,201,201
unique,84,85,62,86,42,72,47,7,5,7,1
top,166965099280,,,,,,,,,,SGN
freq,4,105,105,105,105,105,105,192,192,192,201
count,220,220,220,220,220,220,220,220,220,220,220
unique,96,104,97,101,86,98,86,11,10,7,1
top,166965099421,,,,,,,,,,SGN
freq,4,114,114,114,117,117,117,209,209,209,220
count,209,209,209,209,209,209,209,209,209,209,209
unique,85,100,87,99,83,99,78,10,7,9,1
top,166965099505,,,,,,,,,,SGN
freq,4,109,109,109,109,109,109,200,200,200,209
count,214,214,214,214,214,214,214,214,214,214,214
unique,91,102,91,103,83,98,64,10,7,9,1
top,166965099571,,,,,,,,,,SGN
freq,4,112,112,112,112,112,112,204,204,204,214
count,212,212,212,212,212,212,212,212,212,212,212
unique,94,99,89,98,78,93,94,8,7,6,1
top,166965099679,,,,,,,,,,SGN
freq,4,111,111,111,111,111,111,202,202,202,212
count,212,212,212,212,212,212,212,212,212,212,212
unique,86,98,93,94,84,95,92,10,7,8,1
top,166965099793,,,,,,,,,,SGN
freq,4,111,111,111,111,111,111,202,202,202,212
count,209,209,209,209,209,209,209,209,209,209,209
unique,95,97,94,97,82,87,77,8,6,8,1
top,166965099862,,,,,,,,,,SGN
freq,4,110,110,110,109,109,109,199,199,199,209
count,215,215,215,215,215,215,215,215,215,215,215
unique,86,98,100,95,74,88,62,5,6,7,1
top,166965099946,,,,,,,,,,SGN
freq,4,112,112,112,113,113,113,205,205,205,215
count,210,210,210,210,210,210,210,210,210,210,210
unique,95,93,95,94,92,92,87,11,9,8,1
top,166965100120,,,,,,,,,,SGN
freq,4,110,110,110,110,110,110,200,200,200,210
count,211,211,211,211,211,211,211,211,211,211,211
unique,87,101,95,100,95,99,91,8,6,8,1
top,166965100159,,,,,,,,,,SGN
freq,4,111,111,111,110,110,110,201,201,201,211
count,211,211,211,211,211,211,211,211,211,211,211
unique,93,101,100,101,95,99,92,8,8,7,1
top,166965100228,,,,,,,,,,SGN
freq,4,110,110,110,110,110,110,202,202,202,211
count,207,207,207,207,207,207,207,207,207,207,207
unique,88,97,88,92,73,82,64,9,7,5,1
top,166965100402,,,,,,,,,,SGN
freq,4,108,108,108,109,109,109,197,197,197,207
count,216,216,216,216,216,216,216,216,216,216,216
unique,89,85,76,87,40,58,37,6,6,7,1
top,166965100468,,,,,,,,,,SGN
freq,4,113,113,113,113,113,113,206,206,206,216
count,210,210,210,210,210,210,210,210,210,210,210
unique,97,98,98,100,94,100,89,9,10,9,1
top,166965100585,,,,,,,,,,SGN
freq,4,110,110,110,110,110,110,200,200,200,210
count,210,210,210,210,210,210,210,210,210,210,210
unique,86,98,93,96,81,91,86,10,7,7,1
top,166965100687,,,,,,,,,,SGN
freq,4,110,110,110,110,110,110,200,200,200,210
count,212,212,212,212,212,212,212,212,212,212,212
unique,95,97,91,93,63,86,83,10,8,4,1
top,166965100756,,,,,,,,,,SGN
freq,4,111,111,111,111,111,111,202,202,202,212
count,211,211,211,211,211,211,211,211,211,211,211
unique,88,90,74,82,33,77,79,6,5,6,1
top,166965100879,,,,,,,,,,SGN
freq,4,110,110,110,110,110,110,202,202,202,211
count,208,208,208,208,208,208,208,208,208,208,208
unique,90,90,81,79,55,77,68,7,7,6,1
top,166965101011,,,,,,,,,,SGN
freq,4,109,109,109,109,109,109,198,198,198,208
count,214,214,214,214,214,214,214,214,214,214,214
unique,92,90,79,82,42,73,52,6,8,6,1
top,166965101098,,,,,,,,,,SGN
freq,4,112,112,112,112,112,112,204,204,204,214
count,212,212,212,212,212,212,212,212,212,212,212
unique,92,91,79,86,42,67,55,9,7,5,1
top,166965101173,,,,,,,,,,SGN
freq,4,111,111,111,111,111,111,202,202,202,212
count,212,212,212,212,212,212,212,212,212,212,212
unique,87,96,82,88,38,73,61,8,7,6,1
top,166965101278,,,,,,,,,,SGN
freq,4,111,111,111,111,111,111,202,202,202,212
count,209,209,209,209,209,209,209,209,209,209,209
unique,85,84,80,76,30,65,58,8,7,6,1
top,166965101377,,,,,,,,,,SGN
freq,4,110,110,110,109,109,109,199,199,199,209
count,210,210,210,210,210,210,210,210,210,210,210
unique,95,85,70,63,28,59,35,7,6,5,1
top,166965101428,,,,,,,,,,SGN
freq,4,109,109,109,110,110,110,201,201,201,210
count,212,212,212,212,212,212,212,212,212,212,212
unique,84,61,66,64,18,36,23,6,8,7,1
top,166965101542,,,,,,,,,,SGN
freq,4,111,111,111,111,111,111,202,202,202,212
count,212,212,212,212,212,212,212,212,212,212,212
unique,93,64,63,73,17,45,26,6,5,6,1
top,166965101674,,,,,,,,,,SGN
freq,4,111,111,111,111,111,111,202,202,202,212
count,210,210,210,210,210,210,210,210,210,210,210
unique,90,74,79,66,24,56,44,8,7,6,1
top,166965101782,,,,,,,,,,SGN
freq,4,110,110,110,110,110,110,200,200,200,210
count,211,211,211,211,211,211,211,211,211,211,211
unique,92,68,67,63,21,49,46,7,5,6,1
top,166965101878,,,,,,,,,,SGN
freq,4,111,111,111,110,110,110,201,201,201,211
count,213,213,213,213,213,213,213,213,213,213,213
unique,94,75,77,64,26,57,30,6,6,6,1
top,166965101944,,,,,,,,,,SGN
freq,4,111,111,111,112,112,112,203,203,203,213
count,209,209,209,209,209,209,209,209,209,209,209
unique,86,80,71,72,21,61,27,8,7,6,1
top,166965102100,,,,,,,,,,SGN
freq,4,110,110,110,109,109,109,199,199,199,209
count,214,214,214,214,214,214,214,214,214,214,214
unique,97,73,49,68,19,54,23,8,6,6,1
top,166965102148,,,,,,,,,,SGN
freq,4,111,111,111,112,112,112,205,205,205,214
count,210,210,210,210,210,210,210,210,210,210,210
unique,85,65,49,56,16,33,18,8,7,7,1
top,166965102277,,,,,,,,,,SGN
freq,4,110,110,110,110,110,110,200,200,200,210
count,214,214,214,214,214,214,214,214,214,214,214
unique,90,88,72,68,39,70,31,7,7,5,1
top,166965102415,,,,,,,,,,SGN
freq,4,112,112,112,112,112,112,204,204,204,214
count,210,210,210,210,210,210,210,210,210,210,210
unique,88,78,63,78,31,63,26,8,6,6,1
top,166965102451,,,,,,,,,,SGN
freq,5,110,110,110,110,110,110,200,200,200,210
count,214,214,214,214,214,214,214,214,214,214,214
unique,94,92,73,81,52,75,52,7,6,7,1
top,166965102538,,,,,,,,,,SGN
freq,4,112,112,112,112,112,112,204,204,204,214
count,210,210,210,210,210,210,210,210,210,210,210
unique,90,100,96,99,85,98,92,11,10,8,1
top,166965102634,,,,,,,,,,SGN
freq,5,110,110,110,110,110,110,200,200,200,210
count,210,210,210,210,210,210,210,210,210,210,210
unique,84,100,88,93,84,90,78,8,7,8,1
top,166965102817,,,,,,,,,,SGN
freq,5,110,110,110,110,110,110,200,200,200,210
count,211,211,211,211,211,211,211,211,211,211,211
unique,96,99,98,98,81,93,78,8,9,7,1
top,166965102880,,,,,,,,,,SGN
freq,4,110,110,110,110,110,110,202,202,202,211
count,212,212,212,212,212,212,212,212,212,212,212
unique,85,87,85,87,64,84,62,6,7,7,1
top,166965103018,,,,,,,,,,SGN
freq,4,111,111,111,111,111,111,202,202,202,212
count,210,210,210,210,210,210,210,210,210,210,210
unique,96,97,88,95,80,95,76,6,6,6,1
top,166965103096,,,,,,,,,,SGN
freq,4,110,110,110,110,110,110,200,200,200,210
count,212,212,212,212,212,212,212,212,212,212,212
unique,90,90,82,82,55,77,63,6,6,4,1
top,166965103189,,,,,,,,,,SGN
freq,4,111,111,111,111,111,111,202,202,202,212
count,208,208,208,208,208,208,208,208,208,208,208
unique,89,90,77,78,53,69,53,7,7,6,1
top,166965103276,,,,,,,,,,SGN
freq,4,109,109,109,109,109,109,198,198,198,208
count,212,212,212,212,212,212,212,212,212,212,212
unique,90,88,71,85,44,65,36,6,6,7,1
top,166965103378,,,,,,,,,,SGN
freq,4,111,111,111,111,111,111,202,202,202,212
count,213,213,213,213,213,213,213,213,213,213,213
unique,89,85,78,82,38,64,43,7,7,4,1
top,166965103495,,,,,,,,,,SGN
freq,4,112,112,112,111,111,111,203,203,203,213
count,210,210,210,210,210,210,210,210,210,210,210
unique,95,89,83,78,43,80,30,6,7,7,1
top,166965103561,,,,,,,,,,SGN
freq,4,109,109,109,110,110,110,201,201,201,210
count,211,211,211,211,211,211,211,211,211,211,211
unique,85,95,73,92,45,96,52,10,5,7,1
top,166965103678,,,,,,,,,,SGN
freq,4,111,111,111,110,110,110,201,201,201,211
count,213,213,213,213,213,213,213,213,213,213,213
unique,96,92,73,89,58,80,33,7,8,4,1
top,166965103744,,,,,,,,,,SGN
freq,4,111,111,111,112,112,112,203,203,203,213
count,212,212,212,212,212,212,212,212,212,212,212
unique,83,99,93,90,82,94,85,8,7,6,1
top,166965103879,,,,,,,,,,SGN
freq,4,111,111,111,111,111,111,202,202,202,212
count,212,212,212,212,212,212,212,212,212,212,212
unique,89,94,82,93,51,92,62,9,6,8,1
top,166965103978,,,,,,,,,,SGN
freq,4,111,111,111,111,111,111,202,202,202,212
count,212,212,212,212,212,212,212,212,212,212,212
unique,90,93,74,86,44,81,32,8,6,6,1
top,166965104107,,,,,,,,,,SGN
freq,4,111,111,111,111,111,111,202,202,202,212
count,210,210,210,210,210,210,210,210,210,210,210
unique,89,93,89,91,60,85,59,6,5,6,1
top,166965104176,,,,,,,,,,SGN
freq,4,110,110,110,110,110,110,200,200,200,210
count,209,209,209,209,209,209,209,209,209,209,209
unique,93,94,93,95,75,92,66,7,8,5,1
top,166965104245,,,,,,,,,,SGN
freq,4,109,109,109,109,109,109,200,200,200,209
count,212,212,212,212,212,212,212,212,212,212,212
unique,85,91,83,84,55,73,49,7,4,5,1
top,166965104380,,,,,,,,,,SGN
freq,4,111,111,111,111,111,111,202,202,202,212
count,214,214,214,214,214,214,214,214,214,214,214
unique,97,89,91,93,48,86,51,8,6,6,1
top,166965104449,,,,,,,,,,SGN
freq,4,112,112,112,112,112,112,204,204,204,214
count,212,212,212,212,212,212,212,212,212,212,212
unique,86,99,92,95,65,86,68,8,7,7,1
top,166965104593,,,,,,,,,,SGN
freq,4,111,111,111,111,111,111,202,202,202,212
count,212,212,212,212,212,212,212,212,212,212,212
unique,98,95,79,83,39,70,51,7,8,7,1
top,166965104722,,,,,,,,,,SGN
freq,4,111,111,111,111,111,111,202,202,202,212
count,211,211,211,211,211,211,211,211,211,211,211
unique,91,86,95,90,78,93,71,8,9,7,1
top,166965104791,,,,,,,,,,SGN
freq,4,111,111,111,110,110,110,201,201,201,211
count,211,211,211,211,211,211,211,211,211,211,211
unique,87,96,98,101,96,100,91,9,10,8,1
top,166965104926,,,,,,,,,,SGN
freq,4,110,110,110,111,111,111,201,201,201,211
count,211,211,211,211,211,211,211,211,211,211,211
unique,94,98,94,98,90,98,85,9,8,9,1
top,166965104968,,,,,,,,,,SGN
freq,4,110,110,110,110,110,110,202,202,202,211
count,210,210,210,210,210,210,210,210,210,210,210
unique,87,96,93,100,96,100,88,10,9,8,1
top,166965105076,,,,,,,,,,SGN
freq,4,110,110,110,110,110,110,200,200,200,210
count,214,214,214,214,214,214,214,214,214,214,214
unique,100,100,95,100,88,102,85,9,6,7,1
top,166965105184,,,,,,,,,,SGN
freq,4,112,112,112,112,112,112,204,204,204,214
count,212,212,212,212,212,212,212,212,212,212,212
unique,82,98,90,95,72,86,76,10,6,5,1
top,166965105280,,,,,,,,,,SGN
freq,4,111,111,111,111,111,111,202,202,202,212
count,212,212,212,212,212,212,212,212,212,212,212
unique,93,99,93,98,77,96,81,8,7,7,1
top,166965105421,,,,,,,,,,SGN
freq,4,111,111,111,111,111,111,202,202,202,212
count,211,211,211,211,211,211,211,211,211,211,211
unique,93,95,97,100,88,96,82,8,8,7,1
top,166965105523,,,,,,,,,,SGN
freq,4,111,111,111,110,110,110,201,201,201,211
count,213,213,213,213,213,213,213,213,213,213,213
unique,95,97,94,95,73,88,85,8,7,7,1
top,166965105610,,,,,,,,,,SGN
freq,4,111,111,111,112,112,112,203,203,203,213
count,210,210,210,210,210,210,210,210,210,210,210
unique,95,95,93,97,87,99,97,10,11,11,1
top,166965105709,,,,,,,,,,SGN
freq,4,110,110,110,110,110,110,200,200,200,210
count,213,213,213,213,213,213,213,213,213,213,213
unique,94,98,91,92,74,94,81,8,7,7,1
top,166965105808,,,,,,,,,,SGN
freq,4,112,112,112,111,111,111,203,203,203,213
count,210,210,210,210,210,210,210,210,210,210,210
unique,98,89,86,94,54,77,64,6,7,5,1
top,166965105841,,,,,,,,,,SGN
freq,4,109,109,109,110,110,110,201,201,201,210
count,210,210,210,210,210,210,210,210,210,210,210
unique,90,94,89,86,47,89,79,8,6,5,1
top,166965105963,,,,,,,,,,SGN
freq,4,110,110,110,110,110,110,200,200,200,210
count,206,206,206,206,206,206,206,206,206,206,206
unique,90,87,85,81,49,79,66,7,8,5,1
top,166965106077,,,,,,,,,,SGN
freq,4,108,108,108,108,108,108,196,196,196,206
count,215,215,215,215,215,215,215,215,215,215,215
unique,94,90,85,92,45,66,54,7,8,6,1
top,166965106200,,,,,,,,,,SGN
freq,4,113,113,113,112,112,112,205,205,205,215
count,215,215,215,215,215,215,215,215,215,215,215
unique,91,82,77,84,40,48,56,6,5,4,1
top,166965106321,,,,,,,,,,SGN
freq,4,112,112,112,113,113,113,205,205,205,215
count,209,209,209,209,209,209,209,209,209,209,209
unique,93,76,72,70,37,50,59,6,6,5,1
top,166965106428,,,,,,,,,,SGN
freq,4,109,109,109,109,109,109,200,200,200,209
count,212,212,212,212,212,212,212,212,212,212,212
unique,86,71,81,76,32,39,54,7,6,6,1
top,166965106530,,,,,,,,,,SGN
freq,4,111,111,111,111,111,111,202,202,202,212
count,210,210,210,210,210,210,210,210,210,210,210
unique,96,80,75,79,40,46,59,8,6,6,1
top,166965106560,,,,,,,,,,SGN
freq,4,110,110,110,110,110,110,200,200,200,210
count,208,208,208,208,208,208,208,208,208,208,208
unique,90,97,86,82,53,85,68,8,8,6,1
top,166965106689,,,,,,,,,,SGN
freq,4,109,109,109,109,109,109,198,198,198,208
count,214,214,214,214,214,214,214,214,214,214,214
unique,93,88,79,84,46,62,67,8,7,6,1
top,166965106780,,,,,,,,,,SGN
freq,4,112,112,112,112,112,112,204,204,204,214
count,210,210,210,210,210,210,210,210,210,210,210
unique,86,76,78,79,40,51,60,8,5,6,1
top,166965106905,,,,,,,,,,SGN
freq,4,110,110,110,110,110,110,200,200,200,210
count,207,207,207,207,207,207,207,207,207,207,207
unique,93,79,80,80,37,48,63,7,7,6,1
top,166965106959,,,,,,,,,,SGN
freq,4,108,108,108,108,108,108,198,198,198,207
count,216,216,216,216,216,216,216,216,216,216,216
unique,96,86,79,78,42,63,62,8,6,6,1
top,166965107121,,,,,,,,,,SGN
freq,4,113,113,113,113,113,113,206,206,206,216
count,211,211,211,211,211,211,211,211,211,211,211
unique,87,89,85,89,47,83,69,6,6,6,1
top,166965107187,,,,,,,,,,SGN
freq,4,111,111,111,110,110,110,201,201,201,211
count,211,211,211,211,211,211,211,211,211,211,211
unique,93,92,80,81,40,80,63,8,7,6,1
top,166965107319,,,,,,,,,,SGN
freq,4,110,110,110,111,111,111,201,201,201,211
count,208,208,208,208,208,208,208,208,208,208,208
unique,91,89,65,76,41,62,57,8,6,7,1
top,166965107367,,,,,,,,,,SGN
freq,4,109,109,109,109,109,109,198,198,198,208
count,212,212,212,212,212,212,212,212,212,212,212
unique,95,83,77,78,42,54,64,5,7,5,1
top,166965107457,,,,,,,,,,SGN
freq,4,111,111,111,111,111,111,202,202,202,212
count,213,213,213,213,213,213,213,213,213,213,213
unique,95,84,88,79,46,73,69,8,8,7,1
top,166965107553,,,,,,,,,,SGN
freq,4,112,112,112,111,111,111,203,203,203,213
count,206,206,206,206,206,206,206,206,206,206,206
unique,85,80,87,75,36,56,62,6,5,5,1
top,166965107694,,,,,,,,,,SGN
freq,4,107,107,107,108,108,108,197,197,197,206
count,216,216,216,216,216,216,216,216,216,216,216
unique,97,92,78,78,40,63,63,6,7,5,1
top,166965107796,,,,,,,,,,SGN
freq,4,113,113,113,113,113,113,206,206,206,216
count,212,212,212,212,212,212,212,212,212,212,212
unique,86,81,72,68,23,58,53,7,8,6,1
top,166965107862,,,,,,,,,,SGN
freq,4,111,111,111,111,111,111,202,202,202,212
count,210,210,210,210,210,210,210,210,210,210,210
unique,97,78,85,71,24,72,47,6,8,7,1
top,166965108018,,,,,,,,,,SGN
freq,4,110,110,110,110,110,110,200,200,200,210
count,212,212,212,212,212,212,212,212,212,212,212
unique,88,72,70,72,32,57,37,6,7,6,1
top,166965108126,,,,,,,,,,SGN
freq,4,111,111,111,111,111,111,202,202,202,212
count,208,208,208,208,208,208,208,208,208,208,208
unique,92,69,74,61,19,47,39,7,7,6,1
top,166965108186,,,,,,,,,,SGN
freq,4,109,109,109,108,108,108,199,199,199,208
count,209,209,209,209,209,209,209,209,209,209,209
unique,94,75,68,66,21,57,34,8,8,6,1
top,166965108312,,,,,,,,,,SGN
freq,4,109,109,109,110,110,110,199,199,199,209
count,213,213,213,213,213,213,213,213,213,213,213
unique,89,91,78,88,46,83,69,8,6,5,1
top,166965108384,,,,,,,,,,SGN
freq,4,111,111,111,112,112,112,203,203,203,213
count,210,210,210,210,210,210,210,210,210,210,210
unique,95,87,80,80,39,68,59,7,4,6,1
top,166965108492,,,,,,,,,,SGN
freq,4,110,110,110,110,110,110,200,200,200,210
count,210,210,210,210,210,210,210,210,210,210,210
unique,86,84,80,69,43,67,58,7,7,7,1
top,166965108576,,,,,,,,,,SGN
freq,4,110,110,110,110,110,110,200,200,200,210
count,212,212,212,212,212,212,212,212,212,212,212
unique,96,81,89,70,39,48,66,7,4,4,1
top,166965108684,,,,,,,,,,SGN
freq,4,111,111,111,111,111,111,202,202,202,212
count,210,210,210,210,210,210,210,210,210,210,210
unique,88,96,88,92,65,81,74,8,6,6,1
top,166965108780,,,,,,,,,,SGN
freq,4,110,110,110,110,110,110,200,200,200,210
count,213,213,213,213,213,213,213,213,213,213,213
unique,91,101,98,90,59,91,83,8,6,6,1
top,166965108921,,,,,,,,,,SGN
freq,4,111,111,111,111,111,111,204,204,204,213
count,210,210,210,210,210,210,210,210,210,210,210
unique,89,93,81,78,47,68,64,9,7,7,1
top,166965108963,,,,,,,,,,SGN
freq,4,110,110,110,110,110,110,200,200,200,210
count,212,212,212,212,212,212,212,212,212,212,212
unique,89,95,87,89,54,88,67,8,7,5,1
top,166965109086,,,,,,,,,,SGN
freq,4,111,111,111,111,111,111,202,202,202,212
count,212,212,212,212,212,212,212,212,212,212,212
unique,92,90,82,78,54,71,62,8,6,4,1
top,166965109155,,,,,,,,,,SGN
freq,4,111,111,111,111,111,111,202,202,202,212
count,208,208,208,208,208,208,208,208,208,208,208
unique,87,87,85,85,41,59,62,7,6,5,1
top,166965109284,,,,,,,,,,SGN
freq,4,109,109,109,109,109,109,198,198,198,208
count,213,213,213,213,213,213,213,213,213,213,213
unique,98,86,83,81,39,64,72,8,8,6,1
top,166965109386,,,,,,,,,,SGN
freq,4,112,112,112,111,111,111,203,203,203,213
count,211,211,211,211,211,211,211,211,211,211,211
unique,87,89,83,70,36,59,63,6,7,5,1
top,166965109488,,,,,,,,,,SGN
freq,4,110,110,110,110,110,110,202,202,202,211
count,211,211,211,211,211,211,211,211,211,211,211
unique,90,74,75,71,33,56,63,8,7,4,1
top,166965109617,,,,,,,,,,SGN
freq,4,110,110,110,111,111,111,201,201,201,211
count,212,212,212,212,212,212,212,212,212,212,212
unique,90,90,83,73,37,60,68,7,7,7,1
top,166965109692,,,,,,,,,,SGN
freq,4,111,111,111,111,111,111,202,202,202,212
count,212,212,212,212,212,212,212,212,212,212,212
unique,89,88,80,84,39,53,58,6,6,5,1
top,166965109815,,,,,,,,,,SGN
freq,4,111,111,111,111,111,111,202,202,202,212
count,208,208,208,208,208,208,208,208,208,208,208
unique,89,86,82,72,35,57,60,8,4,5,1
top,166965109857,,,,,,,,,,SGN
freq,4,109,109,109,109,109,109,198,198,198,208
count,201,201,201,201,201,201,201,201,201,201,201
unique,85,81,72,76,33,57,56,7,8,6,1
top,166965110031,,,,,,,,,,SGN
freq,5,105,105,105,104,104,104,193,193,193,201
count,222,222,222,222,222,222,222,222,222,222,222
unique,96,81,83,80,37,57,65,6,6,6,1
top,166965110088,,,,,,,,,,SGN
freq,4,116,116,116,117,117,117,211,211,211,222
count,211,211,211,211,211,211,211,211,211,211,211
unique,86,75,71,67,29,51,57,9,6,6,1
top,166965110181,,,,,,,,,,SGN
freq,4,110,110,110,110,110,110,202,202,202,211
count,210,210,210,210,210,210,210,210,210,210,210
unique,91,91,68,78,40,74,57,6,5,6,1
top,166965110289,,,,,,,,,,SGN
freq,4,110,110,110,110,110,110,200,200,200,210
count,212,212,212,212,212,212,212,212,212,212,212
unique,88,91,82,78,44,80,64,9,7,5,1
top,166965110352,,,,,,,,,,SGN
freq,4,111,111,111,111,111,111,202,202,202,212
count,210,210,210,210,210,210,210,210,210,210,210
unique,92,91,89,90,54,75,69,6,6,6,1
top,166965110496,,,,,,,,,,SGN
freq,4,110,110,110,110,110,110,200,200,200,210
count,208,208,208,208,208,208,208,208,208,208,208
unique,87,87,77,77,41,63,74,6,8,5,1
top,166965110556,,,,,,,,,,SGN
freq,4,109,109,109,109,109,109,198,198,198,208
count,214,214,214,214,214,214,214,214,214,214,214
unique,91,87,83,67,35,69,59,8,7,6,1
top,166965110688,,,,,,,,,,SGN
freq,4,112,112,112,112,112,112,204,204,204,214
count,211,211,211,211,211,211,211,211,211,211,211
unique,95,83,74,73,37,65,67,7,7,5,1
top,166965110778,,,,,,,,,,SGN
freq,4,110,110,110,110,110,110,202,202,202,211
count,211,211,211,211,211,211,211,211,211,211,211
unique,86,79,76,71,31,51,65,6,7,6,1
top,166965110868,,,,,,,,,,SGN
freq,4,111,111,111,110,110,110,201,201,201,211
count,213,213,213,213,213,213,213,213,213,213,213
unique,94,75,74,74,32,48,60,9,7,5,1
top,166965110988,,,,,,,,,,SGN
freq,4,111,111,111,112,112,112,203,203,203,213
count,210,210,210,210,210,210,210,210,210,210,210
unique,84,80,76,64,31,51,56,8,8,7,1
top,166965111075,,,,,,,,,,SGN
freq,4,110,110,110,110,110,110,200,200,200,210
count,212,212,212,212,212,212,212,212,212,212,212
unique,89,96,79,76,47,78,64,8,5,6,1
top,166965111165,,,,,,,,,,SGN
freq,4,111,111,111,111,111,111,202,202,202,212
count,207,207,207,207,207,207,207,207,207,207,207
unique,88,87,73,81,35,70,65,8,6,7,1
top,166965111255,,,,,,,,,,SGN
freq,5,109,109,109,108,108,108,197,197,197,207
count,214,214,214,214,214,214,214,214,214,214,214
unique,90,83,78,71,34,62,63,8,5,7,1
top,166965111339,,,,,,,,,,SGN
freq,4,111,111,111,112,112,112,205,205,205,214
count,212,212,212,212,212,212,212,212,212,212,212
unique,91,90,74,78,32,72,66,7,7,6,1
top,166965111513,,,,,,,,,,SGN
freq,4,111,111,111,111,111,111,202,202,202,212
count,210,210,210,210,210,210,210,210,210,210,210
unique,88,86,75,82,39,73,68,8,7,6,1
top,166965111588,,,,,,,,,,SGN
freq,4,110,110,110,110,110,110,200,200,200,210
count,210,210,210,210,210,210,210,210,210,210,210
unique,93,77,68,71,35,52,59,8,7,7,1
top,166965111669,,,,,,,,,,SGN
freq,4,110,110,110,110,110,110,200,200,200,210
count,214,214,214,214,214,214,214,214,214,214,214
unique,88,77,72,74,30,48,56,8,6,7,1
top,166965111789,,,,,,,,,,SGN
freq,4,112,112,112,112,112,112,204,204,204,214
count,210,210,210,210,210,210,210,210,210,210,210
unique,95,85,76,77,28,47,59,6,7,4,1
top,166965111927,,,,,,,,,,SGN
freq,4,110,110,110,110,110,110,200,200,200,210
count,211,211,211,211,211,211,211,211,211,211,211
unique,87,84,77,78,39,61,58,6,6,6,1
top,166965111993,,,,,,,,,,SGN
freq,4,111,111,111,110,110,110,201,201,201,211
count,211,211,211,211,211,211,211,211,211,211,211
unique,91,85,72,79,41,59,64,7,7,6,1
top,166965112122,,,,,,,,,,SGN
freq,4,110,110,110,110,110,110,202,202,202,211
count,211,211,211,211,211,211,211,211,211,211,211
unique,90,84,80,83,46,68,55,7,6,7,1
top,166965112188,,,,,,,,,,SGN
freq,4,110,110,110,111,111,111,201,201,201,211
count,210,210,210,210,210,210,210,210,210,210,210
unique,88,79,75,77,31,47,58,7,6,5,1
top,166965112296,,,,,,,,,,SGN
freq,4,110,110,110,110,110,110,200,200,200,210
count,214,214,214,214,214,214,214,214,214,214,214
unique,94,91,82,79,44,71,74,7,6,8,1
top,166965112407,,,,,,,,,,SGN
freq,4,112,112,112,112,112,112,204,204,204,214
count,205,205,205,205,205,205,205,205,205,205,205
unique,85,88,84,81,48,78,48,9,6,5,1
top,166965112479,,,,,,,,,,SGN
freq,4,107,107,107,108,108,108,195,195,195,205
count,213,213,213,213,213,213,213,213,213,213,213
unique,94,94,72,87,50,82,61,7,8,5,1
top,166965112632,,,,,,,,,,SGN
freq,4,112,112,112,111,111,111,203,203,203,213
count,214,214,214,214,214,214,214,214,214,214,214
unique,95,100,84,84,52,92,53,10,7,6,1
top,166965112656,,,,,,,,,,SGN
freq,4,112,112,112,112,112,112,204,204,204,214
count,210,210,210,210,210,210,210,210,210,210,210
unique,90,92,71,82,28,55,38,8,6,5,1
top,166965112740,,,,,,,,,,SGN
freq,4,109,109,109,110,110,110,201,201,201,210
count,212,212,212,212,212,212,212,212,212,212,212
unique,89,77,67,69,22,57,31,8,8,6,1
top,166965112920,,,,,,,,,,SGN
freq,4,111,111,111,111,111,111,202,202,202,212
count,210,210,210,210,210,210,210,210,210,210,210
unique,84,74,58,64,20,56,41,8,4,6,1
top,166965112986,,,,,,,,,,SGN
freq,4,110,110,110,110,110,110,200,200,200,210
count,210,210,210,210,210,210,210,210,210,210,210
unique,93,65,61,66,23,42,37,7,5,7,1
top,166965113079,,,,,,,,,,SGN
freq,4,110,110,110,110,110,110,200,200,200,210
count,210,210,210,210,210,210,210,210,210,210,210
unique,81,82,69,59,20,49,29,9,6,6,1
top,166965113232,,,,,,,,,,SGN
freq,4,110,110,110,110,110,110,200,200,200,210
count,214,214,214,214,214,214,214,214,214,214,214
unique,96,65,65,69,19,45,28,8,7,7,1
top,166965113310,,,,,,,,,,SGN
freq,4,112,112,112,112,112,112,204,204,204,214
count,212,212,212,212,212,212,212,212,212,212,212
unique,88,74,67,69,34,57,30,7,6,5,1
top,166965113409,,,,,,,,,,SGN
freq,4,111,111,111,110,110,110,203,203,203,212
count,211,211,211,211,211,211,211,211,211,211,211
unique,92,98,85,88,55,84,57,8,5,6,1
top,166965113490,,,,,,,,,,SGN
freq,4,110,110,110,111,111,111,201,201,201,211
count,210,210,210,210,210,210,210,210,210,210,210
unique,91,88,86,86,52,82,47,10,6,7,1
top,166965113592,,,,,,,,,,SGN
freq,4,110,110,110,110,110,110,200,200,200,210
count,212,212,212,212,212,212,212,212,212,212,212
unique,92,95,75,73,41,67,59,8,7,6,1
top,166965113706,,,,,,,,,,SGN
freq,4,111,111,111,111,111,111,202,202,202,212
count,208,208,208,208,208,208,208,208,208,208,208
unique,97,98,81,86,53,88,66,9,7,7,1
top,166965113787,,,,,,,,,,SGN
freq,4,109,109,109,109,109,109,198,198,198,208
count,209,209,209,209,209,209,209,209,209,209,209
unique,86,81,83,81,45,61,59,8,6,6,1
top,166965113889,,,,,,,,,,SGN
freq,4,109,109,109,109,109,109,200,200,200,209
count,218,218,218,218,218,218,218,218,218,218,218
unique,95,79,78,76,39,48,62,9,7,5,1
top,166965114003,,,,,,,,,,SGN
freq,4,115,115,115,114,114,114,207,207,207,218
count,210,210,210,210,210,210,210,210,210,210,210
unique,91,83,88,84,45,68,72,7,6,7,1
top,166965114069,,,,,,,,,,SGN
freq,4,109,109,109,110,110,110,201,201,201,210
count,212,212,212,212,212,212,212,212,212,212,212
unique,88,81,76,73,35,50,61,6,5,7,1
top,166965114239,,,,,,,,,,SGN
freq,4,111,111,111,111,111,111,202,202,202,212
count,210,210,210,210,210,210,210,210,210,210,210
unique,90,88,80,76,50,71,73,8,6,7,1
top,166965114288,,,,,,,,,,SGN
freq,4,110,110,110,110,110,110,200,200,200,210
count,212,212,212,212,212,212,212,212,212,212,212
unique,88,86,81,82,51,70,69,8,7,5,1
top,166965114411,,,,,,,,,,SGN
freq,4,111,111,111,111,111,111,202,202,202,212
count,212,212,212,212,212,212,212,212,212,212,212
unique,95,77,80,79,35,47,55,7,8,5,1
top,166965114444,,,,,,,,,,SGN
freq,4,111,111,111,111,111,111,202,202,202,212
count,203,203,203,203,203,203,203,203,203,203,203
unique,90,81,72,74,31,59,59,8,8,4,1
top,166965114602,,,,,,,,,,SGN
freq,4,106,106,106,106,106,106,194,194,194,203
count,218,218,218,218,218,218,218,218,218,218,218
unique,89,82,72,77,29,54,58,7,6,6,1
top,166965114690,,,,,,,,,,SGN
freq,4,114,114,114,114,114,114,208,208,208,218
count,212,212,212,212,212,212,212,212,212,212,212
unique,85,77,69,72,30,52,58,9,7,8,1
top,166965114822,,,,,,,,,,SGN
freq,4,111,111,111,111,111,111,202,202,202,212
count,210,210,210,210,210,210,210,210,210,210,210
unique,91,71,64,74,33,45,55,8,6,3,1
top,166965114876,,,,,,,,,,SGN
freq,4,110,110,110,110,110,110,200,200,200,210
count,212,212,212,212,212,212,212,212,212,212,212
unique,89,90,80,79,38,69,68,7,6,6,1
top,166965114972,,,,,,,,,,SGN
freq,4,111,111,111,111,111,111,202,202,202,212
count,214,214,214,214,214,214,214,214,214,214,214
unique,89,92,87,78,48,79,63,8,7,4,1
top,166965115091,,,,,,,,,,SGN
freq,4,112,112,112,112,112,112,204,204,204,214
count,210,210,210,210,210,210,210,210,210,210,210
unique,92,87,69,75,34,72,59,6,7,5,1
top,166965115169,,,,,,,,,,SGN
freq,4,110,110,110,110,110,110,200,200,200,210
count,210,210,210,210,210,210,210,210,210,210,210
unique,90,92,83,81,50,71,65,8,7,5,1
top,166965115310,,,,,,,,,,SGN
freq,4,110,110,110,110,110,110,200,200,200,210
count,209,209,209,209,209,209,209,209,209,209,209
unique,93,78,74,76,31,62,59,8,7,8,1
top,166965115433,,,,,,,,,,SGN
freq,4,109,109,109,109,109,109,200,200,200,209
count,216,216,216,216,216,216,216,216,216,216,216
unique,92,85,77,79,32,56,58,7,8,7,1
top,166965115487,,,,,,,,,,SGN
freq,4,113,113,113,113,113,113,206,206,206,216
count,210,210,210,210,210,210,210,210,210,210,210
unique,90,90,75,75,33,64,59,7,6,7,1
top,166965115637,,,,,,,,,,SGN
freq,4,110,110,110,110,110,110,200,200,200,210
count,212,212,212,212,212,212,212,212,212,212,212
unique,93,85,64,75,31,61,55,8,8,5,1
top,166965115733,,,,,,,,,,SGN
freq,4,111,111,111,111,111,111,202,202,202,212
count,212,212,212,212,212,212,212,212,212,212,212
unique,87,80,72,75,29,51,54,9,7,5,1
top,166965115817,,,,,,,,,,SGN
freq,4,111,111,111,111,111,111,202,202,202,212
count,209,209,209,209,209,209,209,209,209,209,209
unique,97,81,74,66,27,60,52,7,6,4,1
top,166965115883,,,,,,,,,,SGN
freq,4,110,110,110,109,109,109,199,199,199,209
count,212,212,212,212,212,212,212,212,212,212,212
unique,91,78,65,78,31,54,60,8,5,7,1
top,166965115976,,,,,,,,,,SGN
freq,4,111,111,111,111,111,111,202,202,202,212
count,204,204,204,204,204,204,204,204,204,204,204
unique,92,80,69,66,29,52,53,7,5,6,1
top,166965116117,,,,,,,,,,SGN
freq,4,106,106,106,107,107,107,195,195,195,204
count,216,216,216,216,216,216,216,216,216,216,216
unique,91,95,81,89,54,84,69,7,5,6,1
top,166965116198,,,,,,,,,,SGN
freq,4,113,113,113,113,113,113,206,206,206,216
count,213,213,213,213,213,213,213,213,213,213,213
unique,90,92,75,86,42,72,65,6,7,6,1
top,166965116264,,,,,,,,,,SGN
freq,4,112,112,112,111,111,111,203,203,203,213
count,211,211,211,211,211,211,211,211,211,211,211
unique,93,85,73,83,32,53,56,9,7,5,1
top,166965116369,,,,,,,,,,SGN
freq,4,110,110,110,111,111,111,201,201,201,211
count,210,210,210,210,210,210,210,210,210,210,210
unique,90,82,70,78,30,52,58,9,7,6,1
top,166965116486,,,,,,,,,,SGN
freq,4,110,110,110,110,110,110,200,200,200,210
count,206,206,206,206,206,206,206,206,206,206,206
unique,92,77,76,68,28,46,58,7,5,4,1
top,166965116600,,,,,,,,,,SGN
freq,4,108,108,108,107,107,107,197,197,197,206
count,218,218,218,218,218,218,218,218,218,218,218
unique,90,85,70,67,28,49,56,9,8,7,1
top,166965116705,,,,,,,,,,SGN
freq,4,114,114,114,114,114,114,208,208,208,218
count,213,213,213,213,213,213,213,213,213,213,213
unique,96,76,67,69,27,50,49,9,5,4,1
top,166965116828,,,,,,,,,,SGN
freq,4,111,111,111,112,112,112,203,203,203,213
count,212,212,212,212,212,212,212,212,212,212,212
unique,88,82,70,73,30,60,51,7,8,5,1
top,166965116906,,,,,,,,,,SGN
freq,4,111,111,111,111,111,111,202,202,202,212
count,211,211,211,211,211,211,211,211,211,211,211
unique,93,90,72,81,45,83,60,7,8,7,1
top,166965117002,,,,,,,,,,SGN
freq,4,111,111,111,110,110,110,201,201,201,211
count,203,203,203,203,203,203,203,203,203,203,203
unique,88,89,84,84,51,75,67,7,4,5,1
top,166965117077,,,,,,,,,,SGN
freq,4,106,106,106,107,107,107,193,193,193,203
count,218,218,218,218,218,218,218,218,218,218,218
unique,88,98,83,92,48,80,73,7,7,6,1
top,166965117224,,,,,,,,,,SGN
freq,4,114,114,114,114,114,114,208,208,208,218
count,212,212,212,212,212,212,212,212,212,212,212
unique,95,86,83,86,38,67,61,9,6,6,1
top,166965117305,,,,,,,,,,SGN
freq,4,111,111,111,111,111,111,202,202,202,212
count,211,211,211,211,211,211,211,211,211,211,211
unique,86,90,91,83,47,76,64,8,5,7,1
top,166965117401,,,,,,,,,,SGN
freq,4,110,110,110,110,110,110,202,202,202,211
count,210,210,210,210,210,210,210,210,210,210,210
unique,95,87,83,83,47,78,62,7,6,6,1
top,166965117536,,,,,,,,,,SGN
freq,4,110,110,110,110,110,110,200,200,200,210
count,210,210,210,210,210,210,210,210,210,210,210
unique,85,88,82,87,53,80,70,7,6,7,1
top,166965117596,,,,,,,,,,SGN
freq,4,110,110,110,110,110,110,200,200,200,210
count,213,213,213,213,213,213,213,213,213,213,213
unique,88,83,67,81,39,61,59,7,6,5,1
top,166965117719,,,,,,,,,,SGN
freq,4,112,112,112,111,111,111,203,203,203,213
count,211,211,211,211,211,211,211,211,211,211,211
unique,93,102,99,100,95,100,96,11,10,9,1
top,166965117770,,,,,,,,,,SGN
freq,4,110,110,110,111,111,111,201,201,201,211
count,210,210,210,210,210,210,210,210,210,210,210
unique,86,94,97,98,76,98,86,11,7,9,1
top,166965117887,,,,,,,,,,SGN
freq,4,110,110,110,110,110,110,200,200,200,210
count,211,211,211,211,211,211,211,211,211,211,211
unique,96,98,89,97,67,89,74,7,7,7,1
top,166965118016,,,,,,,,,,SGN
freq,4,110,110,110,110,110,110,202,202,202,211
count,209,209,209,209,209,209,209,209,209,209,209
unique,82,89,84,92,56,63,66,6,6,6,1
top,166965118088,,,,,,,,,,SGN
freq,4,110,110,110,109,109,109,199,199,199,209
count,215,215,215,215,215,215,215,215,215,215,215
unique,94,91,95,100,94,86,83,8,8,8,1
top,166965118196,,,,,,,,,,SGN
freq,4,112,112,112,113,113,113,205,205,205,215
count,209,209,209,209,209,209,209,209,209,209,209
unique,87,97,94,92,91,89,85,5,9,7,1
top,166965118295,,,,,,,,,,SGN
freq,4,110,110,110,109,109,109,199,199,199,209
count,213,213,213,213,213,213,213,213,213,213,213
unique,97,100,97,99,75,93,82,6,9,6,1
top,166965118439,,,,,,,,,,SGN
freq,4,111,111,111,112,112,112,203,203,203,213
count,210,210,210,210,210,210,210,210,210,210,210
unique,91,86,87,90,52,77,71,7,6,5,1
top,166965118475,,,,,,,,,,SGN
freq,4,110,110,110,110,110,110,200,200,200,210
count,212,212,212,212,212,212,212,212,212,212,212
unique,89,88,89,93,41,82,66,8,6,6,1
top,166965118643,,,,,,,,,,SGN
freq,4,111,111,111,111,111,111,202,202,202,212
count,211,211,211,211,211,211,211,211,211,211,211
unique,93,91,82,89,62,82,53,6,6,7,1
top,166965118694,,,,,,,,,,SGN
freq,4,110,110,110,110,110,110,202,202,202,211
count,212,212,212,212,212,212,212,212,212,212,212
unique,85,91,86,95,67,91,65,6,8,7,1
top,166965118793,,,,,,,,,,SGN
freq,4,111,111,111,111,111,111,202,202,202,212
count,214,214,214,214,214,214,214,214,214,214,214
unique,97,96,92,98,68,96,73,6,7,5,1
top,166965118874,,,,,,,,,,SGN
freq,4,112,112,112,112,112,112,204,204,204,214
count,212,212,212,212,212,212,212,212,212,212,212
unique,84,93,72,91,57,78,44,7,6,7,1
top,166965118994,,,,,,,,,,SGN
freq,4,111,111,111,111,111,111,202,202,202,212
count,212,212,212,212,212,212,212,212,212,212,212
unique,94,90,82,86,48,75,45,5,7,6,1
top,166965119063,,,,,,,,,,SGN
freq,4,111,111,111,111,111,111,202,202,202,212
count,212,212,212,212,212,212,212,212,212,212,212
unique,92,97,93,96,60,91,68,6,8,6,1
top,166965119195,,,,,,,,,,SGN
freq,4,111,111,111,111,111,111,202,202,202,212
count,210,210,210,210,210,210,210,210,210,210,210
unique,88,89,72,86,40,82,55,7,4,5,1
top,166965119297,,,,,,,,,,SGN
freq,4,110,110,110,110,110,110,200,200,200,210
count,211,211,211,211,211,211,211,211,211,211,211
unique,91,92,89,96,81,98,74,9,9,7,1
top,166965119405,,,,,,,,,,SGN
freq,4,111,111,111,110,110,110,201,201,201,211
count,208,208,208,208,208,208,208,208,208,208,208
unique,82,95,85,96,62,85,70,6,6,6,1
top,166965119450,,,,,,,,,,SGN
freq,4,108,108,108,109,109,109,199,199,199,208
count,214,214,214,214,214,214,214,214,214,214,214
unique,96,98,87,95,76,94,68,7,5,6,1
top,166965119639,,,,,,,,,,SGN
freq,4,112,112,112,112,112,112,204,204,204,214
count,216,216,216,216,216,216,216,216,216,216,216
unique,89,102,90,101,72,89,73,8,6,8,1
top,166965119678,,,,,,,,,,SGN
freq,4,113,113,113,113,113,113,206,206,206,216
count,210,210,210,210,210,210,210,210,210,210,210
unique,92,91,77,84,46,75,52,5,6,6,1
top,166965119843,,,,,,,,,,SGN
freq,4,110,110,110,110,110,110,200,200,200,210
count,212,212,212,212,212,212,212,212,212,212,212
unique,90,94,86,92,54,80,57,5,8,6,1
top,166965119897,,,,,,,,,,SGN
freq,4,111,111,111,111,111,111,202,202,202,212
count,210,210,210,210,210,210,210,210,210,210,210
unique,91,92,91,92,56,80,66,5,6,5,1
top,166965119993,,,,,,,,,,SGN
freq,4,110,110,110,110,110,110,200,200,200,210
count,210,210,210,210,210,210,210,210,210,210,210
unique,90,85,78,91,42,84,45,7,6,8,1
top,166965120065,,,,,,,,,,SGN
freq,4,110,110,110,110,110,110,200,200,200,210
count,214,214,214,214,214,214,214,214,214,214,214
unique,88,93,89,92,44,90,67,7,7,7,1
top,166965120236,,,,,,,,,,SGN
freq,4,112,112,112,112,112,112,204,204,204,214
count,211,211,211,211,211,211,211,211,211,211,211
unique,95,87,76,81,42,60,43,5,6,6,1
top,166965120272,,,,,,,,,,SGN
freq,4,110,110,110,110,110,110,202,202,202,211
count,212,212,212,212,212,212,212,212,212,212,212
unique,85,91,76,89,60,68,50,7,7,6,1
top,166965120398,,,,,,,,,,SGN
freq,4,111,111,111,111,111,111,202,202,202,212
count,210,210,210,210,210,210,210,210,210,210,210
unique,93,84,72,74,37,59,45,6,5,6,1
top,166965120539,,,,,,,,,,SGN
freq,4,110,110,110,110,110,110,200,200,200,210
count,212,212,212,212,212,212,212,212,212,212,212
unique,87,69,53,63,32,40,27,5,6,5,1
top,166965120605,,,,,,,,,,SGN
freq,4,111,111,111,111,111,111,202,202,202,212
count,210,210,210,210,210,210,210,210,210,210,210
unique,90,79,69,79,41,61,45,6,6,4,1
top,166965120716,,,,,,,,,,SGN
freq,4,110,110,110,110,110,110,200,200,200,210
count,212,212,212,212,212,212,212,212,212,212,212
unique,89,89,69,87,50,73,61,5,5,6,1
top,166965120842,,,,,,,,,,SGN
freq,4,111,111,111,111,111,111,202,202,202,212
count,210,210,210,210,210,210,210,210,210,210,210
unique,89,93,87,93,65,89,77,7,7,4,1
top,166965120893,,,,,,,,,,SGN
freq,4,110,110,110,109,109,109,201,201,201,210
count,211,211,211,211,211,211,211,211,211,211,211
unique,93,89,79,94,56,82,51,6,7,6,1
top,166965121007,,,,,,,,,,SGN
freq,4,110,110,110,111,111,111,201,201,201,211
count,212,212,212,212,212,212,212,212,212,212,212
unique,86,94,82,94,56,81,57,7,6,5,1
top,166965121097,,,,,,,,,,SGN
freq,4,111,111,111,111,111,111,202,202,202,212
count,210,210,210,210,210,210,210,210,210,210,210
unique,96,84,79,86,56,71,66,7,6,4,1
top,166965121244,,,,,,,,,,SGN
freq,4,110,110,110,110,110,110,200,200,200,210
count,212,212,212,212,212,212,212,212,212,212,212
unique,87,96,86,94,66,88,63,5,7,8,1
top,166965121304,,,,,,,,,,SGN
freq,4,111,111,111,111,111,111,202,202,202,212
count,209,209,209,209,209,209,209,209,209,209,209
unique,94,92,81,89,52,87,70,6,7,7,1
top,166965121448,,,,,,,,,,SGN
freq,4,110,110,110,109,109,109,199,199,199,209
count,212,212,212,212,212,212,212,212,212,212,212
unique,89,97,86,92,66,82,70,5,8,6,1
top,166965121484,,,,,,,,,,SGN
freq,4,110,110,110,111,111,111,203,203,203,212
count,210,210,210,210,210,210,210,210,210,210,210
unique,89,91,80,90,62,75,58,8,5,7,1
top,166965121610,,,,,,,,,,SGN
freq,4,110,110,110,110,110,110,200,200,200,210
count,212,212,212,212,212,212,212,212,212,212,212
unique,90,98,79,84,66,88,69,7,6,6,1
top,166965121673,,,,,,,,,,SGN
freq,4,111,111,111,111,111,111,202,202,202,212
count,212,212,212,212,212,212,212,212,212,212,212
unique,87,95,87,93,62,80,56,6,8,7,1
top,166965121838,,,,,,,,,,SGN
freq,4,111,111,111,111,111,111,202,202,202,212
count,212,212,212,212,212,212,212,212,212,212,212
unique,94,95,93,97,68,91,77,9,6,6,1
top,166965121949,,,,,,,,,,SGN
freq,5,111,111,111,111,111,111,202,202,202,212
count,212,212,212,212,212,212,212,212,212,212,212
unique,85,95,88,99,57,87,62,9,8,8,1
top,166965122003,,,,,,,,,,SGN
freq,4,111,111,111,111,111,111,202,202,202,212
count,207,207,207,207,207,207,207,207,207,207,207
unique,92,90,77,91,49,84,45,6,7,7,1
top,166965122144,,,,,,,,,,SGN
freq,4,108,108,108,108,108,108,198,198,198,207
count,214,214,214,214,214,214,214,214,214,214,214
unique,91,83,82,80,42,65,48,6,8,5,1
top,166965122225,,,,,,,,,,SGN
freq,4,112,112,112,112,112,112,204,204,204,214
count,210,210,210,210,210,210,210,210,210,210,210
unique,88,91,86,84,65,81,71,6,8,5,1
top,166965122351,,,,,,,,,,SGN
freq,4,110,110,110,110,110,110,200,200,200,210
count,212,212,212,212,212,212,212,212,212,212,212
unique,91,93,82,90,51,86,44,7,6,7,1
top,166965122408,,,,,,,,,,SGN
freq,4,111,111,111,111,111,111,202,202,202,212
count,212,212,212,212,212,212,212,212,212,212,212
unique,87,89,82,92,56,74,52,8,8,5,1
top,166965122501,,,,,,,,,,SGN
freq,4,111,111,111,111,111,111,202,202,202,212
count,208,208,208,208,208,208,208,208,208,208,208
unique,94,92,81,79,57,71,62,5,7,6,1
top,166965122606,,,,,,,,,,SGN
freq,4,109,109,109,109,109,109,198,198,198,208
count,212,212,212,212,212,212,212,212,212,212,212
unique,84,90,88,85,62,62,56,7,8,7,1
top,166965122705,,,,,,,,,,SGN
freq,4,111,111,111,111,111,111,202,202,202,212
count,213,213,213,213,213,213,213,213,213,213,213
unique,93,86,90,92,65,67,65,7,6,6,1
top,166965122837,,,,,,,,,,SGN
freq,4,112,112,112,111,111,111,203,203,203,213
count,210,210,210,210,210,210,210,210,210,210,210
unique,84,86,79,88,55,75,54,7,7,6,1
top,166965122906,,,,,,,,,,SGN
freq,4,109,109,109,110,110,110,201,201,201,210
count,208,208,208,208,208,208,208,208,208,208,208
unique,92,78,82,75,38,49,41,5,7,6,1
top,166965123023,,,,,,,,,,SGN
freq,4,109,109,109,109,109,109,198,198,198,208
count,214,214,214,214,214,214,214,214,214,214,214
unique,92,84,71,83,44,45,43,7,6,9,1
top,166965123095,,,,,,,,,,SGN
freq,4,112,112,112,112,112,112,204,204,204,214
count,212,212,212,212,212,212,212,212,212,212,212
unique,91,94,85,83,76,73,78,6,6,4,1
top,166965123218,,,,,,,,,,SGN
freq,4,111,111,111,111,111,111,202,202,202,212
count,212,212,212,212,212,212,212,212,212,212,212
unique,93,99,98,96,98,93,89,7,8,8,1
top,166965123299,,,,,,,,,,SGN
freq,4,111,111,111,111,111,111,202,202,202,212
count,210,210,210,210,210,210,210,210,210,210,210
unique,85,96,94,96,87,93,83,10,7,10,1
top,166965123404,,,,,,,,,,SGN
freq,4,110,110,110,110,110,110,200,200,200,210
count,211,211,211,211,211,211,211,211,211,211,211
unique,93,93,91,97,83,89,74,7,7,6,1
top,166965123455,,,,,,,,,,SGN
freq,4,110,110,110,110,110,110,202,202,202,211
count,212,212,212,212,212,212,212,212,212,212,212
unique,87,93,94,97,83,97,67,8,7,7,1
top,166965123602,,,,,,,,,,SGN
freq,4,111,111,111,111,111,111,202,202,202,212
count,212,212,212,212,212,212,212,212,212,212,212
unique,92,96,85,91,76,91,62,6,8,7,1
top,166965123743,,,,,,,,,,SGN
freq,4,111,111,111,111,111,111,202,202,202,212
count,212,212,212,212,212,212,212,212,212,212,212
unique,89,96,101,91,89,92,78,7,6,5,1
top,166965123776,,,,,,,,,,SGN
freq,4,111,111,111,111,111,111,202,202,202,212
count,208,208,208,208,208,208,208,208,208,208,208
unique,89,90,91,93,81,93,73,7,7,7,1
top,166965123917,,,,,,,,,,SGN
freq,4,109,109,109,109,109,109,198,198,198,208
count,211,211,211,211,211,211,211,211,211,211,211
unique,91,91,94,96,80,89,71,7,7,8,1
top,166965123986,,,,,,,,,,SGN
freq,4,111,111,111,110,110,110,201,201,201,211
count,212,212,212,212,212,212,212,212,212,212,212
unique,85,96,97,96,80,88,73,7,8,8,1
top,166965124103,,,,,,,,,,SGN
freq,4,110,110,110,111,111,111,203,203,203,212
count,212,212,212,212,212,212,212,212,212,212,212
unique,90,89,93,94,72,66,68,6,8,6,1
top,166965124205,,,,,,,,,,SGN
freq,4,111,111,111,111,111,111,202,202,202,212
count,212,212,212,212,212,212,212,212,212,212,212
unique,92,90,86,87,65,82,50,6,7,6,1
top,166965124340,,,,,,,,,,SGN
freq,4,111,111,111,111,111,111,202,202,202,212
count,212,212,212,212,212,212,212,212,212,212,212
unique,94,89,97,96,78,89,65,6,8,8,1
top,166965124451,,,,,,,,,,SGN
freq,4,111,111,111,111,111,111,202,202,202,212
count,212,212,212,212,212,212,212,212,212,212,212
unique,90,89,79,93,61,88,42,6,7,7,1
top,166965124502,,,,,,,,,,SGN
freq,4,111,111,111,111,111,111,202,202,202,212
count,212,212,212,212,212,212,212,212,212,212,212
unique,93,79,89,88,69,86,65,8,8,5,1
top,166965124604,,,,,,,,,,SGN
freq,4,111,111,111,111,111,111,202,202,202,212
count,210,210,210,210,210,210,210,210,210,210,210
unique,94,88,80,88,76,86,65,7,6,5,1
top,166965124703,,,,,,,,,,SGN
freq,4,110,110,110,110,110,110,200,200,200,210
count,209,209,209,209,209,209,209,209,209,209,209
unique,87,83,86,96,69,84,45,6,6,5,1
top,166965124799,,,,,,,,,,SGN
freq,4,109,109,109,109,109,109,200,200,200,209
count,212,212,212,212,212,212,212,212,212,212,212
unique,94,91,90,86,63,92,45,7,6,8,1
top,166965124895,,,,,,,,,,SGN
freq,4,111,111,111,111,111,111,202,202,202,212
count,212,212,212,212,212,212,212,212,212,212,212
unique,89,93,88,90,60,82,81,6,8,7,1
top,166965124997,,,,,,,,,,SGN
freq,4,111,111,111,111,111,111,202,202,202,212
count,208,208,208,208,208,208,208,208,208,208,208
unique,90,88,84,93,77,86,66,6,6,7,1
top,166965125078,,,,,,,,,,SGN
freq,4,109,109,109,109,109,109,198,198,198,208
count,212,212,212,212,212,212,212,212,212,212,212
unique,92,92,91,92,72,82,67,7,6,7,1
top,166965125210,,,,,,,,,,SGN
freq,4,111,111,111,111,111,111,202,202,202,212
count,212,212,212,212,212,212,212,212,212,212,212
unique,92,90,88,95,66,93,73,5,8,4,1
top,166965125306,,,,,,,,,,SGN
freq,4,111,111,111,111,111,111,202,202,202,212
count,211,211,211,211,211,211,211,211,211,211,211
unique,98,94,85,91,58,85,58,6,6,6,1
top,166965125369,,,,,,,,,,SGN
freq,4,111,111,111,110,110,110,201,201,201,211
count,212,212,212,212,212,212,212,212,212,212,212
unique,89,89,85,91,67,86,56,5,6,6,1
top,166965125483,,,,,,,,,,SGN
freq,4,110,110,110,111,111,111,203,203,203,212
count,210,210,210,210,210,210,210,210,210,210,210
unique,96,91,95,86,67,81,75,6,9,6,1
top,166965125600,,,,,,,,,,SGN
freq,4,110,110,110,110,110,110,200,200,200,210
count,210,210,210,210,210,210,210,210,210,210,210
unique,90,99,95,93,82,92,80,5,8,6,1
top,166965125717,,,,,,,,,,SGN
freq,4,110,110,110,110,110,110,200,200,200,210
count,214,214,214,214,214,214,214,214,214,214,214
unique,98,93,88,94,71,92,65,6,8,7,1
top,166965125758,,,,,,,,,,SGN
freq,4,112,112,112,112,112,112,204,204,204,214
count,212,212,212,212,212,212,212,212,212,212,212
unique,94,95,86,98,79,88,69,6,7,8,1
top,166965125947,,,,,,,,,,SGN
freq,4,111,111,111,111,111,111,202,202,202,212
count,210,210,210,210,210,210,210,210,210,210,210
unique,90,93,88,92,74,82,60,5,7,7,1
top,166965126046,,,,,,,,,,SGN
freq,4,110,110,110,110,110,110,200,200,200,210
count,211,211,211,211,211,211,211,211,211,211,211
unique,93,90,93,90,81,93,79,5,8,7,1
top,166965126088,,,,,,,,,,SGN
freq,4,110,110,110,110,110,110,202,202,202,211
count,212,212,212,212,212,212,212,212,212,212,212
unique,94,97,92,98,81,85,88,5,8,6,1
top,166965126196,,,,,,,,,,SGN
freq,4,111,111,111,111,111,111,202,202,202,212
count,210,210,210,210,210,210,210,210,210,210,210
unique,96,93,89,97,71,97,70,8,6,7,1
top,166965126301,,,,,,,,,,SGN
freq,4,110,110,110,110,110,110,200,200,200,210
count,212,212,212,212,212,212,212,212,212,212,212
unique,92,93,88,92,73,86,62,5,6,6,1
top,166965126394,,,,,,,,,,SGN
freq,4,111,111,111,111,111,111,202,202,202,212
count,206,206,206,206,206,206,206,206,206,206,206
unique,89,95,87,94,75,78,54,7,6,8,1
top,166965126490,,,,,,,,,,SGN
freq,4,108,108,108,108,108,108,196,196,196,206
count,214,214,214,214,214,214,214,214,214,214,214
unique,94,90,92,95,75,82,52,6,8,8,1
top,166965126649,,,,,,,,,,SGN
freq,4,112,112,112,112,112,112,204,204,204,214
count,211,211,211,211,211,211,211,211,211,211,211
unique,90,90,83,99,77,81,55,6,6,6,1
top,166965126754,,,,,,,,,,SGN
freq,4,110,110,110,110,110,110,202,202,202,211
count,212,212,212,212,212,212,212,212,212,212,212
unique,92,96,96,96,82,96,81,10,9,10,1
top,166965126802,,,,,,,,,,SGN
freq,4,111,111,111,111,111,111,202,202,202,212
count,210,210,210,210,210,210,210,210,210,210,210
unique,85,96,94,95,81,99,90,9,7,7,1
top,166965126907,,,,,,,,,,SGN
freq,4,110,110,110,110,110,110,200,200,200,210
count,210,210,210,210,210,210,210,210,210,210,210
unique,90,96,96,97,86,89,83,7,6,10,1
top,166965127030,,,,,,,,,,SGN
freq,4,110,110,110,110,110,110,200,200,200,210
count,214,214,214,214,214,214,214,214,214,214,214
unique,90,99,98,100,98,94,95,8,8,6,1
top,166965127081,,,,,,,,,,SGN
freq,4,112,112,112,112,112,112,204,204,204,214
count,210,210,210,210,210,210,210,210,210,210,210
unique,95,89,96,98,90,92,86,8,9,9,1
top,166965127180,,,,,,,,,,SGN
freq,4,110,110,110,110,110,110,200,200,200,210
count,207,207,207,207,207,207,207,207,207,207,207
unique,91,85,88,93,66,83,64,4,8,6,1
top,166965127318,,,,,,,,,,SGN
freq,4,108,108,108,108,108,108,198,198,198,207
count,216,216,216,216,216,216,216,216,216,216,216
unique,91,83,77,89,39,57,60,6,7,3,1
top,166965127393,,,,,,,,,,SGN
freq,4,113,113,113,113,113,113,206,206,206,216
count,208,208,208,208,208,208,208,208,208,208,208
unique,91,72,85,81,35,44,50,4,8,6,1
top,166965127495,,,,,,,,,,SGN
freq,4,109,109,109,109,109,109,198,198,198,208
count,211,211,211,211,211,211,211,211,211,211,211
unique,91,87,78,78,74,74,67,7,8,7,1
top,166965127636,,,,,,,,,,SGN
freq,5,111,111,111,110,110,110,201,201,201,211
count,209,209,209,209,209,209,209,209,209,209,209
unique,86,88,89,93,75,88,68,6,7,7,1
top,166965127670,,,,,,,,,,SGN
freq,4,109,109,109,110,110,110,199,199,199,209
count,210,210,210,210,210,210,210,210,210,210,210
unique,94,78,74,81,38,53,42,5,7,6,1
top,166965127804,,,,,,,,,,SGN
freq,4,110,110,110,110,110,110,200,200,200,210
count,211,211,211,211,211,211,211,211,211,211,211
unique,92,75,64,70,33,54,34,6,7,5,1
top,166965127906,,,,,,,,,,SGN
freq,4,110,110,110,111,111,111,201,201,201,211
count,212,212,212,212,212,212,212,212,212,212,212
unique,91,88,95,95,82,87,85,9,7,6,1
top,166965128032,,,,,,,,,,SGN
freq,4,110,110,110,111,111,111,203,203,203,212
count,209,209,209,209,209,209,209,209,209,209,209
unique,91,91,89,94,71,89,62,7,8,6,1
top,166965128110,,,,,,,,,,SGN
freq,4,109,109,109,110,110,110,199,199,199,209
count,214,214,214,214,214,214,214,214,214,214,214
unique,98,92,82,97,65,86,66,7,6,5,1
top,166965128194,,,,,,,,,,SGN
freq,4,112,112,112,112,112,112,204,204,204,214
count,210,210,210,210,210,210,210,210,210,210,210
unique,90,90,82,89,47,84,51,6,8,7,1
top,166965128302,,,,,,,,,,SGN
freq,4,110,110,110,110,110,110,200,200,200,210
count,210,210,210,210,210,210,210,210,210,210,210
unique,92,84,79,88,54,75,51,6,5,6,1
top,166965128449,,,,,,,,,,SGN
freq,4,110,110,110,110,110,110,200,200,200,210
count,212,212,212,212,212,212,212,212,212,212,212
unique,95,89,83,95,64,76,54,5,8,7,1
top,166965128524,,,,,,,,,,SGN
freq,4,111,111,111,111,111,111,202,202,202,212
count,211,211,211,211,211,211,211,211,211,211,211
unique,92,95,91,95,85,88,71,8,8,5,1
top,166965128650,,,,,,,,,,SGN
freq,4,111,111,111,110,110,110,201,201,201,211
count,211,211,211,211,211,211,211,211,211,211,211
unique,90,86,79,87,53,65,47,6,6,6,1
top,166965128689,,,,,,,,,,SGN
freq,4,110,110,110,110,110,110,202,202,202,211
count,213,213,213,213,213,213,213,213,213,213,213
unique,92,96,90,96,75,82,67,6,6,6,1
top,166965128818,,,,,,,,,,SGN
freq,4,111,111,111,112,112,112,203,203,203,213
count,210,210,210,210,210,210,210,210,210,210,210
unique,91,80,67,67,47,43,37,6,7,6,1
top,166965128923,,,,,,,,,,SGN
freq,4,110,110,110,110,110,110,200,200,200,210
count,209,209,209,209,209,209,209,209,209,209,209
unique,89,66,70,81,49,58,27,5,8,6,1
top,166965128983,,,,,,,,,,SGN
freq,4,110,110,110,109,109,109,199,199,199,209
count,212,212,212,212,212,212,212,212,212,212,212
unique,95,79,63,78,25,50,25,7,7,7,1
top,166965129127,,,,,,,,,,SGN
freq,4,111,111,111,111,111,111,202,202,202,212
count,212,212,212,212,212,212,212,212,212,212,212
unique,88,72,62,55,23,47,30,6,7,7,1
top,166965129220,,,,,,,,,,SGN
freq,4,111,111,111,111,111,111,202,202,202,212
count,204,204,204,204,204,204,204,204,204,204,204
unique,92,88,93,88,80,74,63,4,9,9,1
top,166965129259,,,,,,,,,,SGN
freq,4,106,106,106,107,107,107,195,195,195,204
count,211,211,211,211,211,211,211,211,211,211,211
unique,89,89,93,95,93,75,76,6,10,6,1
top,166965129379,,,,,,,,,,SGN
freq,4,110,110,110,111,111,111,201,201,201,211
count,207,207,207,207,207,207,207,207,207,207,207
unique,92,95,99,92,89,91,92,8,8,6,1
top,166965129538,,,,,,,,,,SGN
freq,4,108,108,108,109,109,109,197,197,197,207
count,214,214,214,214,214,214,214,214,214,214,214
unique,94,99,93,98,84,96,91,9,8,8,1
top,166965129586,,,,,,,,,,SGN
freq,4,112,112,112,112,112,112,204,204,204,214
count,211,211,211,211,211,211,211,211,211,211,211
unique,88,98,100,97,86,84,83,8,9,8,1
top,166965129727,,,,,,,,,,SGN
freq,4,111,111,111,110,110,110,201,201,201,211
count,210,210,210,210,210,210,210,210,210,210,210
unique,91,101,98,98,89,96,92,5,8,7,1
top,166965129784,,,,,,,,,,SGN
freq,4,109,109,109,110,110,110,201,201,201,210
count,210,210,210,210,210,210,210,210,210,210,210
unique,87,100,98,97,84,90,83,7,10,8,1
top,166965129907,,,,,,,,,,SGN
freq,4,110,110,110,110,110,110,200,200,200,210
count,216,216,216,216,216,216,216,216,216,216,216
unique,95,100,90,91,74,94,77,8,8,6,1
top,166965130021,,,,,,,,,,SGN
freq,4,113,113,113,113,113,113,206,206,206,216
count,210,210,210,210,210,210,210,210,210,210,210
unique,90,92,76,94,63,90,49,7,6,8,1
top,166965130141,,,,,,,,,,SGN
freq,4,110,110,110,110,110,110,200,200,200,210
count,202,202,202,202,202,202,202,202,202,202,202
unique,88,76,68,84,41,75,35,6,7,7,1
top,166965130189,,,,,,,,,,SGN
freq,4,106,106,106,106,106,106,192,192,192,202
count,220,220,220,220,220,220,220,220,220,220,220
unique,91,93,78,89,55,83,60,6,7,8,1
top,166965130309,,,,,,,,,,SGN
freq,4,115,115,115,115,115,115,210,210,210,220
count,209,209,209,209,209,209,209,209,209,209,209
unique,90,83,75,85,48,77,51,6,6,5,1
top,166965130450,,,,,,,,,,SGN
freq,4,110,110,110,109,109,109,199,199,199,209
count,215,215,215,215,215,215,215,215,215,215,215
unique,97,96,88,93,53,79,50,5,8,8,1
top,166965130510,,,,,,,,,,SGN
freq,4,112,112,112,113,113,113,205,205,205,215
count,211,211,211,211,211,211,211,211,211,211,211
unique,91,91,85,96,63,94,69,7,7,9,1
top,166965130636,,,,,,,,,,SGN
freq,4,110,110,110,110,110,110,202,202,202,211
count,214,214,214,214,214,214,214,214,214,214,214
unique,97,85,97,87,59,73,70,7,8,6,1
top,166965130753,,,,,,,,,,SGN
freq,4,112,112,112,112,112,112,204,204,204,214
count,212,212,212,212,212,212,212,212,212,212,212
unique,89,76,84,76,50,62,59,6,8,8,1
top,166965130852,,,,,,,,,,SGN
freq,4,111,111,111,111,111,111,202,202,202,212
count,208,208,208,208,208,208,208,208,208,208,208
unique,94,75,85,78,50,62,55,5,7,5,1
top,166965130930,,,,,,,,,,SGN
freq,4,109,109,109,109,109,109,198,198,198,208
count,206,206,206,206,206,206,206,206,206,206,206
unique,88,88,85,89,59,85,60,7,7,7,1
top,166965130963,,,,,,,,,,SGN
freq,4,108,108,108,108,108,108,196,196,196,206
count,212,212,212,212,212,212,212,212,212,212,212
unique,89,95,86,95,59,93,61,8,5,8,1
top,166965131086,,,,,,,,,,SGN
freq,4,111,111,111,111,111,111,202,202,202,212
count,209,209,209,209,209,209,209,209,209,209,209
unique,90,94,89,90,50,82,53,6,8,5,1
top,166965131212,,,,,,,,,,SGN
freq,4,109,109,109,109,109,109,200,200,200,209
count,186,186,186,186,186,186,186,186,186,186,186
unique,82,83,76,83,46,75,38,7,6,6,1
top,166965131359,,,,,,,,,,SGN
freq,5,94,94,94,100,100,100,178,178,178,186
count,202,202,202,202,202,202,202,202,202,202,202
unique,88,86,89,93,65,84,73,9,8,7,1
top,166965131380,,,,,,,,,,SGN
freq,5,104,104,104,107,107,107,193,193,193,202
count,214,214,214,214,214,214,214,214,214,214,214
unique,94,97,95,97,62,89,77,6,7,6,1
top,166965131482,,,,,,,,,,SGN
freq,4,111,111,111,113,113,113,204,204,204,214
count,208,208,208,208,208,208,208,208,208,208,208
unique,89,91,87,94,63,91,66,7,8,6,1
top,166965131635,,,,,,,,,,SGN
freq,4,109,109,109,109,109,109,198,198,198,208
count,208,208,208,208,208,208,208,208,208,208,208
unique,90,95,86,98,49,85,69,5,7,6,1
top,166965131674,,,,,,,,,,SGN
freq,4,108,108,108,110,110,110,198,198,198,208
count,203,203,203,203,203,203,203,203,203,203,203
unique,87,83,77,73,45,56,43,7,7,5,1
top,166965131797,,,,,,,,,,SGN
freq,5,103,103,103,107,107,107,196,196,196,203
count,209,209,209,209,209,209,209,209,209,209,209
unique,94,90,78,89,52,73,59,7,6,6,1
top,166965131920,,,,,,,,,,SGN
freq,4,109,109,109,110,110,110,199,199,199,209
count,214,214,214,214,214,214,214,214,214,214,214
unique,91,97,87,96,60,92,63,7,8,6,1
top,166965132010,,,,,,,,,,SGN
freq,4,112,112,112,112,112,112,204,204,204,214
count,67,67,67,67,67,67,67,67,67,67,67
unique,27,33,31,31,18,30,22,4,4,4,1
top,166965132094,,,,,,,,,,SGN
freq,4,35,35,35,35,35,35,64,64,64,67
